INSERT INTO profile VALUES (505537, 'Kamaradj Memon', 'KamaradjMemon@paranoid.email', 'bC$ywB%0FPMLKX!&96zK0JsOFK22oAMUIKRiL!A^0x$$BD211', '1994-03-30', '1991-09-01 05:46:17');
INSERT INTO profile VALUES (689798, 'Dayanand Saha', 'DayanandSahaproton.mail', 'nbLUBHKawnC5Zyci%OpptRjmW8cuGKsujRbFnUI', '1972-08-01', '1961-10-20 14:15:06');
INSERT INTO profile VALUES (569466, 'Dipti Dada', 'DiptiDada@yahoo.com', '^6fRNBwI&5%', '1985-09-22', '1977-07-09 09:11:05');
INSERT INTO profile VALUES (194085, 'Nitika Matthai', 'NitikaMatthai@gmail.com', '@R9Lfr4hD957ruspe', '2011-02-24', '2019-10-11 18:28:43');
INSERT INTO profile VALUES (125322, 'Narayanin Sampath', 'NarayaninSampathproton.mail', '*gf70*07cx@uG2UM8^BL71f#*^sx$08%Rs#g2', '1985-01-24', '2016-04-11 20:57:40');
INSERT INTO profile VALUES (428389, 'Ashoka Aggarwal', 'AshokaAggarwal@pitt.edu', 'WAz3X*^V4L^4t!@Q&ew3bGuFV!Ck$SUX5RI4dA**XgEfdjZB@', '2001-10-21', '2009-01-24 13:25:50');
INSERT INTO profile VALUES (635697, 'Anupama Handa', 'AnupamaHanda@pitt.edu', 'lof!G0#lV^H9@Ubj*', '1986-03-16', '1962-12-16 10:29:38');
INSERT INTO profile VALUES (177401, 'Candravali Mukhopadhyay', 'CandravaliMukhopadhyayproton.mail', 'bcGkS3L%1eC^jxs$y*', '1999-11-28', '2012-05-31 11:38:04');
INSERT INTO profile VALUES (466704, 'Kausalya Chaudhry', 'KausalyaChaudhry@pitt.edu', '8!*cr@YV5RxLlOyBu*JaixFT@ZPKq%dR9rb', '1982-01-23', '1954-06-28 03:00:48');
INSERT INTO profile VALUES (384770, 'Lalita Magar', 'LalitaMagar@pitt.edu', 'FcSR1JsKcPMIqJKO##mmCvs$nQOQ$$Y%^0mCV5^Z4&b#ayN!D@', '1980-04-24', '1991-08-19 04:32:38');
INSERT INTO profile VALUES (729835, 'Deo Kashyap', 'DeoKashyap@pm.me', '!J&8Xg%VZsd', '1997-12-10', '1987-02-28 07:00:52');
INSERT INTO profile VALUES (505733, 'Inderpal Sem', 'InderpalSem@paranoid.email', 'wMmSTJoeUaRraWT*N%J%vo$vPW@J$FQ#8XGD^xwY3hb$a##', '2018-01-04', '1974-06-28 02:21:22');
INSERT INTO profile VALUES (260047, 'Ishwari Dara', 'IshwariDara@yahoo.com', 'A#jUx5rGV00K', '1982-06-29', '1954-04-12 02:28:21');
INSERT INTO profile VALUES (436206, 'Dipaka Agrawal', 'DipakaAgrawalproton.mail', '7u38mLqQjmcrGEh&t7Mtncnuxfd5p*528$j!g7TE', '1993-07-27', '1951-11-08 02:31:25');
INSERT INTO profile VALUES (91012, 'Kiran Kohli', 'KiranKohli@pm.me', '0wiyFmTOEysCjDcstu4XfC01psiIDOpYK!xNdiTum', '1997-08-05', '1994-04-02 06:36:54');
INSERT INTO profile VALUES (91664, 'Neela Bobal', 'NeelaBobal@pitt.edu', '@8Akxs*M1Y&J', '1995-01-29', '1967-01-15 22:55:44');
INSERT INTO profile VALUES (757174, 'Neha Agrawal', 'NehaAgrawal@paranoid.email', '$mFFxaN!tQU7Ode', '2005-01-09', '1977-08-27 19:01:03');
INSERT INTO profile VALUES (854546, 'Akash Naidu', 'AkashNaidu@pm.me', 'qoCzo7FT9GlRd1$b6rAfd1pD#g&Y43y51qyJG&nIId#4QFK@q', '1977-07-23', '2006-12-15 14:58:29');
INSERT INTO profile VALUES (138852, 'Keshava Shenoy', 'KeshavaShenoyproton.mail', '*o#*SAdT#^wOr@TDX&#i2aSXqxUuE!Ei0fZUFQVj!', '1970-02-18', '1974-09-27 16:31:53');
INSERT INTO profile VALUES (699815, 'Mitul Natarajan', 'MitulNatarajan@paranoid.email', '0ZfJ#D*@t8kR1MCr8KV40XI43%rdpbQHa#45t1R3u4fp&g', '2000-04-11', '1964-07-24 20:36:46');
INSERT INTO profile VALUES (333652, 'Girish Anne', 'GirishAnne@gmail.com', 'auCz08B3&O', '1999-04-13', '1951-01-03 09:01:22');
INSERT INTO profile VALUES (295053, 'Aishwarya Upadhyay', 'AishwaryaUpadhyay@gmail.com', 'cjQ$pe26ZG3!R3h7vqZj5lie6%Q', '2009-05-13', '1959-06-05 10:25:09');
INSERT INTO profile VALUES (653642, 'Jagdish Karnik', 'JagdishKarnik@paranoid.email', 'e^$0le2O@Qb5hC', '2013-06-09', '1959-12-24 04:07:37');
INSERT INTO profile VALUES (154798, 'Deodan Kannan', 'DeodanKannanproton.mail', 'w81DoBvSz$', '1999-03-30', '1990-06-04 09:08:31');
INSERT INTO profile VALUES (423458, 'Narendra Pai', 'NarendraPai@yahoo.com', '3@GH6sJIcbMzuR47*G4F5SbrOu1VXH6TFAAGhs230Gu', '1985-12-07', '1996-03-16 05:40:54');
INSERT INTO profile VALUES (445076, 'Aparajita Doshi', 'AparajitaDoshi@Outlook.com', 'g%5h227&xnVzN48yv&QtK3k8*M8aoCpgUuTLpB0N', '1970-07-03', '2012-10-28 19:21:49');
INSERT INTO profile VALUES (27982, 'Jayant Sur', 'JayantSurproton.mail', 'FCX5y#IG4hkDqUpdCY2Km0@yNU0*Z%Jbd2AQhtE%0xYC#!hDcZ', '1999-03-16', '2020-08-09 03:23:07');
INSERT INTO profile VALUES (435525, 'Ajay Parekh', 'AjayParekh@paranoid.email', 'qQRP0*Sx4P23', '2015-08-02', '2007-03-31 05:32:04');
INSERT INTO profile VALUES (851303, 'Mogaya Dasgupta', 'MogayaDasgupta@Outlook.com', 'a01hAdIV$0XKnX8UNKft$AXk38vCyq#375iJ', '2005-01-08', '2014-04-23 18:50:12');
INSERT INTO profile VALUES (178839, 'Mridula Dugar', 'MridulaDugar@Outlook.com', 'UDv3HU6IYx5#8ANap1qBKP1gj2mY8UH#n3i5x1zg6MT&C54okb', '2006-04-13', '1977-08-21 20:02:07');
INSERT INTO profile VALUES (619718, 'Kirti Misra', 'KirtiMisraproton.mail', 'pxPu&z0h4q0A^1M', '1998-04-02', '2005-09-27 00:44:27');
INSERT INTO profile VALUES (84605, 'Murugan Bawa', 'MuruganBawa@pm.me', '^264VkUU!4#Qiu#0kxj9!H43Sc8Fm0A@sacq1', '2007-08-10', '1971-02-26 11:41:21');
INSERT INTO profile VALUES (632380, 'Amar Bumb', 'AmarBumb@pitt.edu', '^o9Mm6uTF^FFOzRZyuGnyRXvsbxsH!Bh', '1993-12-04', '1951-04-29 03:58:36');
INSERT INTO profile VALUES (219208, 'Jagannatha Savant', 'JagannathaSavant@paranoid.email', 'xADhpBwCj!Pa@P*2NkFGOwuYQQScn#r', '2019-11-17', '1967-07-13 21:41:17');
INSERT INTO profile VALUES (252846, 'Harshad Kaur', 'HarshadKaur@pitt.edu', '7ING!W92&!@ir9a&D%IeRr^LUF*uQ', '2008-08-26', '1981-02-01 05:05:35');
INSERT INTO profile VALUES (277412, 'Mohana Subramaniam', 'MohanaSubramaniam@paranoid.email', 'MP#!*^7JfyM8xBG$T*b0B49B!Ct', '1994-08-09', '1970-08-12 19:40:46');
INSERT INTO profile VALUES (883839, 'Bharat Singh', 'BharatSinghproton.mail', 'R%0%YX4$72U!%ZWVnK8697m32b@O1B8ol2x74h!fAz4!QTb', '1991-07-03', '1999-07-27 04:08:36');
INSERT INTO profile VALUES (599738, 'Ajit Kala', 'AjitKala@gmail.com', 'o@82l^BsL*#2i&6zj3ErBnL&%iT876cN99GHNg4', '1977-08-11', '2021-10-28 20:02:34');
INSERT INTO profile VALUES (141521, 'Jayendra Bala', 'JayendraBala@paranoid.email', '94Q45JIbMhfaP!hVtWqqjje3&1UmspOHvzbdGNI4HR2', '2002-11-09', '1975-05-20 07:55:53');
INSERT INTO profile VALUES (694667, 'Arun Khosla', 'ArunKhosla@pm.me', 'eiwfNh^W!w*07UMm*PAfT3i#iD4UehjR$weTj*d08t3lrX9W0z', '1999-04-14', '1971-12-16 04:35:06');
INSERT INTO profile VALUES (308436, 'Ilanila Kala', 'IlanilaKala@pm.me', '03nv8Ng&^sd75f%B2%2', '1998-11-10', '1982-11-16 10:11:43');
INSERT INTO profile VALUES (824059, 'Anupama Lala', 'AnupamaLala@gmail.com', '1X5C@5xqR', '2016-02-10', '1958-09-09 10:57:21');
INSERT INTO profile VALUES (960726, 'Djagarajen Biswas', 'DjagarajenBiswas@Outlook.com', 'Zx05dRb!q5Wr4pHAUz99N0sLi4vCx1JgM1hqjGK0S3mMNp1c', '2001-11-10', '1965-12-26 06:09:04');
INSERT INTO profile VALUES (192245, 'Aradhana Raj', 'AradhanaRajproton.mail', '2K7LW&cWg1n9T##w0w02vnn!2ASw@y7RY*a%', '2001-12-16', '1965-07-09 17:20:08');
INSERT INTO profile VALUES (982997, 'Kashi Prasad', 'KashiPrasad@Outlook.com', 'm$l$q&ig@dx5#yYTHjBCMM%ycG$@e', '1978-04-08', '1979-12-25 01:17:30');
INSERT INTO profile VALUES (384, 'Godavari Mitra', 'GodavariMitra@paranoid.email', 'mcYyfqx9xzQoFEvgMIK!BLaxkgLpNiqlRId!zcRGvpZQBBzi', '2001-03-16', '2001-12-06 10:43:32');
INSERT INTO profile VALUES (964138, 'Kunti Singhal', 'KuntiSinghal@pitt.edu', 'PpX!6X3r9qJ^', '1998-05-06', '1951-05-12 03:42:53');
INSERT INTO profile VALUES (116448, 'Gopi Arora', 'GopiArora@pitt.edu', '5jz4Ww5RpG#L3v!EyHXs', '2013-07-29', '1993-03-29 14:24:50');
INSERT INTO profile VALUES (374824, 'Gotam Sane', 'GotamSaneproton.mail', 'kb2oGJ*dVy^FXsr4', '1995-04-08', '2014-12-23 00:25:50');
INSERT INTO profile VALUES (829266, 'Kadrivel Barad', 'KadrivelBarad@gmail.com', 'mwCM&aEHbQ6Hz%8nA9Y4$J$vQXoa0C!2B6O2', '2004-10-21', '1952-05-25 22:15:42');
INSERT INTO profile VALUES (495267, 'Kessavamohane Dada', 'KessavamohaneDadaproton.mail', 'qIlLTe1NZ@7$db$ntTjdo3wG$', '1998-05-21', '1967-08-19 11:13:20');
INSERT INTO profile VALUES (112206, 'Mayur Pai', 'MayurPai@Outlook.com', 'WQe#@tDQjyQCAeQR1sZ', '2012-11-27', '1958-12-06 21:16:43');
INSERT INTO profile VALUES (760018, 'Isha Ranganathan', 'IshaRanganathan@paranoid.email', 'm66@m6Q9qME%mb!FWdl', '2015-05-18', '2018-05-13 20:51:35');
INSERT INTO profile VALUES (107456, 'Aishwarya Srinivasan', 'AishwaryaSrinivasan@gmail.com', 'YSDsV!%nZV99*ra&dHmV^aK&V', '2004-10-17', '1972-09-02 15:45:30');
INSERT INTO profile VALUES (822792, 'Carpanin Sama', 'CarpaninSama@Outlook.com', 'D3Hl^LdQ*5Z$J4mP5$9wYv!p0&8mF8%T%I4JSB02', '1976-03-19', '1955-03-29 16:22:37');
INSERT INTO profile VALUES (790310, 'Bagavathy Peri', 'BagavathyPeri@pm.me', 'a5ba@TF14*T28xPu^&ml8FcEiiyJ%XJ3#E', '1973-12-07', '1974-06-28 17:41:51');
INSERT INTO profile VALUES (640605, 'Moryl Rao', 'MorylRao@pitt.edu', 'm9412CiI5#zjcs', '2002-10-24', '2023-02-20 01:44:33');
INSERT INTO profile VALUES (990908, 'Mridula Das', 'MridulaDas@Outlook.com', 'u7O*AHMQM&JhRO!Dr%pz1ijlLH@t$1FNm@RGe', '1997-09-04', '1952-10-13 23:16:20');
INSERT INTO profile VALUES (12334, 'Harshal Sundaram', 'HarshalSundaram@pitt.edu', '@v%WWl$%W64z07', '1996-03-31', '1968-12-01 15:04:12');
INSERT INTO profile VALUES (300559, 'Jai Sarna', 'JaiSarna@pm.me', 'T04*%^cp*gkfZ%%hvzTkL#$%btSDmjmuQnpqTUep', '2008-09-06', '2004-06-21 01:32:32');
INSERT INTO profile VALUES (139565, 'Lallida Ramanathan', 'LallidaRamanathan@yahoo.com', 'p5fvP24tENpLKZVMwQKuA^bEGBjimBXPxJ%A$UR^E7vB3P', '2012-12-15', '1962-04-13 13:17:10');
INSERT INTO profile VALUES (381530, 'Kanaman Nadig', 'KanamanNadig@Outlook.com', '$W1ZO@%3l4D34ZJFI5L4c6xr*%Z09*8a', '2021-11-14', '2017-08-24 18:21:48');
INSERT INTO profile VALUES (171745, 'Mukta Bains', 'MuktaBains@paranoid.email', 'swZJrshAZP*#r7CG#ZRnXAr#sMEc%b', '1998-05-17', '1968-04-26 12:12:26');
INSERT INTO profile VALUES (824454, 'Kichenin Sachar', 'KicheninSachar@pm.me', 'nu#%&ipsxFLL@Y^zp45Dd#@v5R', '1986-03-16', '1986-05-19 05:02:59');
INSERT INTO profile VALUES (5258, 'Kirti Dass', 'KirtiDass@pitt.edu', 'IbxTd*!rx9X7i*uC*E%bethwE%@Fqe', '1983-07-20', '2012-09-22 18:00:21');
INSERT INTO profile VALUES (148512, 'Damodar Karpe', 'DamodarKarpe@pitt.edu', 'r5$!E9qVj', '2006-02-11', '1962-11-14 09:58:30');
INSERT INTO profile VALUES (841207, 'Arjun Kota', 'ArjunKotaproton.mail', 'Z$ClLoQN!bvYxZB*QtgIru*X#NM*e8HxD^I', '2001-11-01', '1984-12-18 13:40:07');
INSERT INTO profile VALUES (367933, 'Manju Bobal', 'ManjuBobal@pitt.edu', '&LQLU6RRlDIsgCgUe&RTKR&9IQXsFAiPTvpkmioX', '1995-11-10', '1952-07-17 12:05:57');
INSERT INTO profile VALUES (555041, 'Lalit Dhaliwal', 'LalitDhaliwal@paranoid.email', '9K0hc8iRD9!H4W03a1Vhg*@u', '1984-11-21', '1998-08-11 07:36:03');
INSERT INTO profile VALUES (543724, 'Gopi Sodhi', 'GopiSodhi@pitt.edu', 'ndtSRgKkoZt*nNAHYmAj3dXXEAAFFwqBuq*oROQfRBwxo', '1987-07-19', '2017-07-07 08:01:25');
INSERT INTO profile VALUES (104112, 'Arjuna Nadkarni', 'ArjunaNadkarniproton.mail', '8c0X5b0OCDCC8W11W9NW!0WgmVwv5', '1982-09-02', '1969-01-12 17:53:13');
INSERT INTO profile VALUES (580304, 'Kashi Dash', 'KashiDashproton.mail', 'bW24pU^%R2X7&C', '2007-10-04', '1961-12-07 13:57:30');
INSERT INTO profile VALUES (888978, 'Mohan Pingle', 'MohanPingle@pitt.edu', 'Vt8qaj%jWLX*0', '1994-02-02', '1992-09-14 09:07:54');
INSERT INTO profile VALUES (311766, 'Esha Jhaveri', 'EshaJhaveriproton.mail', 'HU!0$*kGn!2K%AY&Xe5dyL@EiUgWuF6@q*r&#CkjVTKX', '1988-06-04', '1959-05-22 02:13:09');
INSERT INTO profile VALUES (857184, 'Kala Batra', 'KalaBatra@yahoo.com', 'ub^u7$0T@2Lo!J', '2000-06-06', '1962-02-08 18:28:46');
INSERT INTO profile VALUES (508794, 'Ila Ahuja', 'IlaAhuja@gmail.com', 'Hn8pF6ZWh&Yo^^AnZ$%8Rw#c', '1992-06-15', '2004-08-21 01:47:45');
INSERT INTO profile VALUES (228651, 'Nila Viswanathan', 'NilaViswanathan@pm.me', 'lZ11U2FMFB5v2TVl4$QlY3t*3M43', '1997-12-18', '1956-03-07 01:06:07');
INSERT INTO profile VALUES (434027, 'Buddha Bawa', 'BuddhaBawa@paranoid.email', 'dqfMmkZO963h46a635xYJN4nl@7X19DA#&3TsIcuF6r0SGA1', '2023-01-18', '1951-02-28 13:55:26');
INSERT INTO profile VALUES (598742, 'Chiranjivi Dada', 'ChiranjiviDada@pitt.edu', 'nsfZ6#IB!Da&4o3*%', '2005-11-24', '1951-07-17 14:42:20');
INSERT INTO profile VALUES (727501, 'Karlaye Krishnamurthy', 'KarlayeKrishnamurthyproton.mail', '&pXy@Mz9%K36B1^##*&Pg!L57u3YU1u!c2Z5N', '2022-02-28', '1971-03-13 12:27:25');
INSERT INTO profile VALUES (971657, 'Brijesh Arora', 'BrijeshArora@gmail.com', '@qM!Emf8qZlSRd*zCzsPn@SNxDlJPy0WHyDID2', '1975-06-12', '1966-03-20 19:37:55');
INSERT INTO profile VALUES (733240, 'Mahavir Kota', 'MahavirKota@paranoid.email', '!2v13q#5#AD5Fs8@#2&DtDzpO%V!CNqe7&0', '1996-04-21', '1989-10-05 13:51:16');
INSERT INTO profile VALUES (731623, 'Indu Om', 'InduOm@paranoid.email', 'o5l1Ob*Ra', '1998-02-11', '1998-02-19 21:48:00');
INSERT INTO profile VALUES (39645, 'Kartikeya Kala', 'KartikeyaKala@pm.me', '&xQNaua%4%yH*y', '2017-10-12', '1976-12-28 07:48:26');
INSERT INTO profile VALUES (674906, 'Nanda Baria', 'NandaBaria@pm.me', 'tISa@cY&5N9', '2018-10-16', '2020-06-16 01:46:21');
INSERT INTO profile VALUES (48354, 'Lata Nagar', 'LataNagar@pitt.edu', 'm!naXmmyxqM*%$^G6%cP%jrl^H!ej*fdqKwkqOb', '2020-04-04', '1977-10-25 22:45:04');
INSERT INTO profile VALUES (67226, 'Nil Sachdev', 'NilSachdevproton.mail', '2Cx*D9Gv%tujgEOy2WP@8', '2005-12-18', '1994-06-29 11:35:57');
INSERT INTO profile VALUES (563935, 'Manish Gala', 'ManishGala@paranoid.email', 'OzOD^S5^n4U4P*7bx4##q9@e$7*IqH995&J2DG', '1976-06-02', '1983-03-18 21:12:51');
INSERT INTO profile VALUES (854543, 'Dipak Mohan', 'DipakMohan@Outlook.com', 'kKS8zH8x0ObbOHy%tUNJf11mUQI3XLh42khBodLGbwVD9', '1997-01-29', '2013-11-18 20:21:41');
INSERT INTO profile VALUES (803946, 'Ananda Shanker', 'AnandaShanker@gmail.com', 'ohs7#6cN7JJNdAhdu*WWvO6CZ0f0cxVKQKcMCXl$Gwk3DLR', '1999-07-06', '1996-04-20 02:17:22');
INSERT INTO profile VALUES (368782, 'Jyotsna Iyengar', 'JyotsnaIyengar@gmail.com', 't5f3oj7WbQ4mUu840m6Wt8mME!pV', '1997-04-17', '2005-08-01 23:26:52');
INSERT INTO profile VALUES (971967, 'Duleep Acharya', 'DuleepAcharyaproton.mail', '0n6I2Y$@@', '1988-04-02', '1993-01-15 00:25:11');
INSERT INTO profile VALUES (326896, 'Navin Narula', 'NavinNarula@pm.me', 'RHN9c7xSdnl&xM7q@$5@l%3*6G9u', '2000-09-06', '2010-07-18 09:46:31');
INSERT INTO profile VALUES (310990, 'Madhukar Pillay', 'MadhukarPillayproton.mail', 'PuPHV*alxMqXeFr%0GVH', '1980-04-11', '1970-05-06 21:33:05');
INSERT INTO profile VALUES (478640, 'Kadivel Oza', 'KadivelOzaproton.mail', '@JV4d%BgTGX7oOPZqSFV!%Fo5u1cwBuDkGBq', '2016-04-10', '2007-04-23 20:31:55');
INSERT INTO profile VALUES (957276, 'Niraj Yohannan', 'NirajYohannan@yahoo.com', 'n1v*I3491CEQad!!ppg*%XN9R5d5!', '1988-01-06', '1981-05-26 06:37:18');
INSERT INTO profile VALUES (641463, 'Ananta Sura', 'AnantaSura@yahoo.com', 'g1Lx789#R5^LR#Lw4Q&6Z68K1HAwr0zD5cn2RvsD3X4w@X', '1985-03-15', '2004-10-31 13:17:18');
INSERT INTO profile VALUES (888390, 'Brinda Lanka', 'BrindaLanka@yahoo.com', 'iAz5oR^QqLzxHQ@%AzvS', '1983-09-15', '2005-03-17 00:35:21');
INSERT INTO profile VALUES (108828, 'Neha Pant', 'NehaPant@Outlook.com', 'eQ38gxIg3%EX', '2013-06-12', '1962-11-07 17:45:45');
INSERT INTO profile VALUES (470185, 'Hari Datta', 'HariDattaproton.mail', 'vN!^5BK608!$JG3pw%60VqU8$JD2#4K29C3r&Et^0^Q', '2011-04-25', '1950-03-10 02:54:49');
INSERT INTO friend VALUES (367933, 757174, '1992-02-28', 'goLqcHYkyXAsZGOHnOUMtbjKrsDLiyLQiDcXwN');
INSERT INTO friend VALUES (555041, 367933, '2012-11-16', 'SbNfQyDHRPCvxKAfptoRANWxyvBbKkSvsbdFXvfrSCB');
INSERT INTO friend VALUES (599738, 957276, '1994-01-15', 'sVoEOPiaykKfFQGWvTgivHpyAOuBiMApEiOzLlmaQvwXCbLlH');
INSERT INTO friend VALUES (311766, 192245, '1978-03-06', 'ZSBOkrIqRFnPHEBaDTfINeMwkOzgfVftZfaCePhPWfFAfmUMdvqGebnUkTkkMZMyJvGkPeMufwQeWjGaUutUTv');
INSERT INTO friend VALUES (228651, 192245, '1986-08-26', 'nLZjQaOPajEoUcHIXSpERnzSDEwZmTHNIOaiTBIxCHzzQXYyHHieZQROUVroyYL');
INSERT INTO friend VALUES (883839, 888978, '1973-04-08', 'lnvqGSLJRdFoMPIkbWfXnfVrkicDstxBLiLTrDsGAcONoJwUFbcWLqvMoUDpEEpzXLxbJduBAWbCRpqWcskHRaeYXx');
INSERT INTO friend VALUES (384, 333652, '1975-06-07', 'LupckHVqdpjFhaIUAJayrSIplolURJseDanUiHwUdhowoyxVzguwHrAgbGvKhXOHrUmcqMwgmwcQdOWOVptbeSNtKKXaFuGXzZJkGurXogsNPFvtl');
INSERT INTO friend VALUES (619718, 374824, '1973-09-06', 'cajrBwwYhTMXVnpTCVGbNChDuWHnkeCDnLEvwncgccDmZ');
INSERT INTO friend VALUES (731623, 310990, '2000-11-10', 'qZOUtGuGDWLpropBfchimegJTubDIezEOYaZkBXTRMglthjsljxLVgTbZiAReAHRdwjMLCgAIIMcmMmRuEuGcPVyFmZLJqEjqssI');
INSERT INTO friend VALUES (790310, 495267, '1994-01-21', 'HvuCjmwrPHKsDurBggHNtEWgWLrTCsyYfRmUxRxcDnilZCexCjyfmPZGwMIBJxnpfwjkfdMewwNBeHXdwHKDSKiGBNYBqYF');
INSERT INTO friend VALUES (194085, 857184, '1984-04-24', 'WsfDiWxlsFVbTDklrfcVmOEifRjIPJTjGsgTdTTuZmjVlVIVeIdveplosuserPTcrVGisiqSBMDhhJargIrURYUfGhQbeXXbywCazilkpuDOcLlAbsaOAAIrcqkbCpybOimDEkqhpKLbhAjbvSCQWlJEJFxE');
INSERT INTO friend VALUES (311766, 957276, '1980-02-22', 'bQiSvdAHBhgAShIbSIGclMvHOFzXNfuNptoFHbpNQIXumOAumWIfzlMGrmaqNbPDGAfNoROpheRZbgSwwjxiqRXIYmeQsiuitmTkLjgNQLOFWX');
INSERT INTO friend VALUES (67226, 689798, '1976-06-23', 'rBCltwPXyTvrsikZDzksIVEdpVgAUIlLDXuOXERaYLFqNAhImXiyZcjBNx');
INSERT INTO friend VALUES (971657, 423458, '1983-12-22', 'tjCXRyZrVcJDJruKtNZNKGqRFanEIbQDHRsJjsbKBMWXXUblHnRo');
INSERT INTO friend VALUES (260047, 300559, '1997-08-06', 'BJeaGVzbVKbzHtNFQKdMLHngOoLvHJDzRzdvpUQsBnfHzyLNZOOhLKZEQZSjERaSZThfOkCzDFqHDHGaAykqGdFLesSEBLIpySNNlctSMIDjyjVdJXTDsYtvqKzfwDdkuuAyLDQX');
INSERT INTO friend VALUES (295053, 888390, '1987-05-22', 'DHYOTUIwiWC');
INSERT INTO friend VALUES (640605, 367933, '1978-10-29', 'vpaEXrPcMNQqsRewjrywf');
INSERT INTO friend VALUES (141521, 108828, '1974-10-23', 'trWfUJaVPFsFKxFpOHcFOOLNSNRLEvvVndPzRbeJhlgVkbNRxLKRnPPIGvoPywLmzhIdLMKyQOuauJklCuyXOaawVXPDmsVECoyXoqwjtqObFxFZENrqLWcYZeELmnxTUWknkukWQWgKJgCpcHkzbIFgdCYe');
INSERT INTO friend VALUES (563935, 851303, '1996-10-05', 'EZErmswdEQGtCnGDsfONloUCLCLfGTNdppCvAqGuppGFRVxklNtpvTUccsJXpXzoQInGoOOefOSyCAnqcliBWHnNEydQEnhufIXQSvYZZUBgoDyQyaraKCzTDKYyRgsYahaZyzYtBnhLwHpxFfaWDZVRFRGLEiyGDjIvSYOQXvmIFBKCNysusHEjqZzJItlRxcthzMLQ');
INSERT INTO friend VALUES (790310, 91664, '2020-09-07', 'kYAIlLrtwVEDqJOkmJUyKohEXDjNnxFwawmnawxVXiwDxCIiwwgxUpfkmhStQOkDkPJRDimkfGqmoDgOzzShbnzqajTjoVzfNcIIMLXoYLhmuKNEMaPrCEoytXZbTrIxEVdzeINHgLzWNDmFTOxeRpndgbHHxHCkifJmcLMqAEuzaNtDvKaOgbMMqTRLfNAOaJ');
INSERT INTO friend VALUES (883839, 689798, '2023-01-01', 'SJiQgNjJCvLnlkcTziNbePXnrcwMLbAvWLgXscmfsFQWxqIfNBMPXTzipCsiDtLtwtvcmIBUkWtUiW');
INSERT INTO friend VALUES (824059, 295053, '2018-12-14', 'lgEoMvtOPxMXIikbHLAImFdcBlbrctvOKuZsboCQyWexOUcpiSBiBJDcWrsASJWsqLupfTEXBfQxqrrPspMuTpIKucOAvBkVvCPxUTytXkIqvdRHsVhvRCamxaYMDcqbbMySFyufuqrUrENYxxAKcWde');
INSERT INTO friend VALUES (960726, 252846, '1977-05-10', 'QRIUqCQvZBcqINaHUguAMyXaZMZPWODwQsrZewFwvZbNYmFoZSdusQqojYsyCTyWOXtCGZUhgJTKqdKANllLtpZNAXYyegEgONDFnRuSGbehaIuYolaXUjzfdjYDXcB');
INSERT INTO friend VALUES (67226, 470185, '2017-12-12', 'EaJfcsMiDTIqfdQZaprqApcNEdzeqWTLiZRplJFmTtfQVXbZBNuuGyYQrZWbU');
INSERT INTO friend VALUES (434027, 960726, '2020-07-11', 'PRhIlppxvhsrDaaUijkSrloOCnBjxnfgxjmJdGnXamKuqCkQEoLNDQyfCTLOWIwdWpCHjNoVTOdKzBMIRlBLrXTZoymMjzGtHAEY');
INSERT INTO friend VALUES (194085, 803946, '2014-04-22', 'wBJTRoBBJdMMdfGcPLricL');
INSERT INTO friend VALUES (822792, 824454, '1987-10-30', 'MCvEnLDLDnhfUUcpDNeNTakgjlzcgXfzzeZexztwEguUhwKOWefIynlcsbBhfcoPInxWbzVFmAZHxXGjRuznOWBznNmT');
INSERT INTO friend VALUES (470185, 883839, '2007-09-08', 'lBfIdppdfCfui');
INSERT INTO friend VALUES (555041, 178839, '2001-10-14', 'BpCXxNsUkgAzyUNDMaHNyYTYPHkjDcpVWvxFGdWgZCEKiEVJykACDHFmCcSRXfbNghtVYJKDGjZJwjqrhgRifWaCui');
INSERT INTO friend VALUES (125322, 141521, '2021-02-03', 'TBATUdZuxvLVYHRQTIrkomjrwYHoxNBlmgIWjHYoPewWUcaImxvZDpCLiLJiDJsrIwwxqwlqpYfRmhipSwmmYLIHNnHbozXHzRxWlKsYsDKAgwoKYNGomnVoDthgicIseUxBlsmQtQF');
INSERT INTO friend VALUES (104112, 733240, '1996-08-19', 'qoqaClhbXTHFWhzPezGaIoibCwXfVwSWOuwhrylIf');
INSERT INTO friend VALUES (104112, 851303, '1998-09-16', 'pSaBpURhvDHtosHUGGOllJGAqJCiYxIpSiJUxTsuznElipCSaSjLtLpRHlDAVnXZoIaCoryFRyCRnBTRkvSSD');
INSERT INTO friend VALUES (505537, 470185, '1971-04-14', 'LYgtxMvdHkiOJkAe');
INSERT INTO friend VALUES (381530, 436206, '2019-06-08', 'RsKZdOdtHOuGEGFvpBWXECJGaLxkePuCILwbruOTISVLPsybHtNkgtjOUGHBuXeMYCxXyzvPLHSdZDvYRjAbsyNtJtQzSYcKzNxtifCVxXiaNeyzIX');
INSERT INTO friend VALUES (470185, 277412, '2015-09-27', 'mtwNHDsjmHvxOjaWixkX');
INSERT INTO friend VALUES (689798, 803946, '2019-08-28', 'KPJGjKBGBLQemh');
INSERT INTO friend VALUES (641463, 125322, '1981-12-17', 'UksvANonSQzGdPfvPEsKVhQVvchaMROERTIGGVzXPRnMYnUQYKTzYFhUCyRrVLMnIOWViKxPAcDjaHjclIAOJNWbWSuzDxjHRfnjnGyHijrfmvSnOeeamvIwIerKmDtVnaCoPpSyoZgqBSORYGxktARmvXzgnFYYQ');
INSERT INTO friend VALUES (803946, 689798, '1993-02-03', 'zdDffkJjFYRJzuiLaOSPRispedOLXQxFYkiJTZzfURnzbjWnfvBqxAuqeGmHlzXqRRkIEPRTPIZTtZVYUMZVsmHSDZbfXAaxSRjqbGnPMGPRvfvvvXxrTZZAvVvvFexuIBkQVrwLRcPOMSuDZrDQriBszeXQuOgzlREVWkeujlugDuwwtFxeHH');
INSERT INTO friend VALUES (803946, 84605, '1978-04-22', 'iCzwcGCFSeVTpnlOXMSgZppenpunCeDsAfNseQVgfjGlaEvXzGlDFNKANPhMKMwcATHHNBwrqyAcRPWxptexRgaaErbVpUMOhPBgTNjQFRLqiHeJunbtRIHopuYpaeeDjMYuPTzpOUsOaWDxKWFsQm');
INSERT INTO friend VALUES (91664, 829266, '1993-12-27', 'wypgzjbxshBlJOcDwvGrmm');
INSERT INTO friend VALUES (790310, 194085, '1980-02-15', 'USXfpfPlYJtvXSPomNwltxMecxaWDhnxHlZTrULETJGeKvDIGLYvmUUGHPlKPKBbWzPfo');
INSERT INTO friend VALUES (138852, 445076, '1976-07-07', 'XCsooVZEORtQfepqlyNBLXa');
INSERT INTO friend VALUES (982997, 694667, '2004-11-02', 'OYiwFhKxCsjtyHsxRDjFRVnrXeurZRWoUoflqXrwaIoIkCSqSCAXcEqQRdecqPPrvvJEqgZUmwPVhFoPCgaaghPyCEXHUyksKIvFJFkNQqDYzdIAYhrXSzQvnnjaTiAqhwdIxxwpkqmdrblrJPdUzNLuUvf');
INSERT INTO friend VALUES (824454, 48354, '2014-03-14', 'RtkIOzJsgToDvwp');
INSERT INTO friend VALUES (888978, 757174, '1995-07-06', 'qqrcqDbGAuYJJoqMVoJdbTEIwULOHbKlKbocNzVJzefhhlMwzgDemqHJSTnHgApfqVGSVafGltjeAfdnHHapwjFCufNnBfJaiQILeffyirwKfqlUaGRnBtDLiJrGvOPHDAOjdSscKmdRFeIupKvsdzOUgxWc');
INSERT INTO friend VALUES (308436, 555041, '2019-03-10', 'McWIRTWmIibHbJOXCHCxsUAFSOKgKxjN');
INSERT INTO friend VALUES (971657, 84605, '1986-12-14', 'NWnneJsdbtYNndnrBvoQXCFkCdDFYhSNjnsakeibvrzFHGNueYgAFtNvAUTbNqRiJKszqQZjVYluQncOPvFaVvOkbyHjxyWdaUSDLGDXiZtQPoqxbpHcJnjpalfmKcFmOZhVcfzCfSEyXitkmeCehLkyXN');
INSERT INTO friend VALUES (841207, 428389, '1999-06-07', 'XVomeNmPudxtXycDpisJkvdLOLWuoWGNjeowBVWFcEGzqJGyKzvMzGDhFAfZXDDyZQadjxDqOGuQGLaVvCIBAfIiaYCZmJhmYCoJELXMnRgImGnYfmiTceOTOLBbqBcyVlHlieEqnvjAPFntntOivsmSSLTLbyTobHDuFVZNlNEpTelmUogAwmGpvVmObzjIClyxQp');
INSERT INTO friend VALUES (733240, 178839, '1977-05-23', 'ieJxoHEByXitRswqVFHzAWgHAacUeWLiFCkhAqZSNPUvrNkeZBPdnvkhwIeQUOCDmymPfvzPweseZuPVlWiwTlHfvpCGnGwFNyHiHglauQPOHydRQfgkeEBgiYzLMBRRgkwLKaRvXIMNtGYBgrTItNuIR');
INSERT INTO friend VALUES (641463, 112206, '1993-03-03', 'PAXXPEREelxjpCLxXuEjAjizLdwdfFfIzdNtCQbgvaUgYiqPtaNCDgPUvYzNFsN');
INSERT INTO friend VALUES (555041, 960726, '2016-10-11', 'UGiSsgkQDOFVuGgqWFnSdNIAtsPcLirOgUhbaMbtmqbnFFxeaQtUPbYyjDpHYmWpbguOeYkVKtSElVTfUgEIcuOIuDVVCTmINUzcxsnIrYZUaBAqKyPXutWFfYbLXlCZFDyNAFKTAMLBHMWbEOYTjyQAVBlZonfwdSMmFWYkk');
INSERT INTO friend VALUES (194085, 640605, '2022-04-06', 'fzopliOJEHAGOdwzDirsGdCZXFsOjhtQbQFRfnTdSMtHnFJpckGYwEbIJKvCsuNNlxZnMcATMFBdGyBnLSnlADpwTdwDhHkdUiKNdTquaZXDuPhHQwPIynoFEUuAbbQLKjyWLiSkSSognBiHgCkLCndCYfmThMCnCMxxrHyqiIVITVdrHuecUjg');
INSERT INTO friend VALUES (829266, 125322, '1971-10-06', 'gsZiMOuFMDZlqqZvcSoHvABUrUxRMEKQmuglFwQzQgopiiwDUxfnjqvKSbKHpKxAhBZZaqcfRVkJFqxyYduEmIGzIbHAIBJRhfUmhbxdFWkQAAwyrYhgPoEloiWQJMBjPPwEAAbclgNYIbdJHOKhbIPVycmPXaHLTqLgopjuBPWZJkqugEjIRFGyaHiMU');
INSERT INTO friend VALUES (308436, 478640, '1990-05-29', 'mtcWxIjNEHJAZGsCQKhM');
INSERT INTO friend VALUES (260047, 91012, '1990-01-12', 'LwJkzJeNlFZoy');
INSERT INTO friend VALUES (67226, 851303, '1980-06-11', 'zEarFZsKvamomEUnYRSaBxBaWQpidhDnBUdhAkoioWeHBSojVNkxUOZfYAtpCEMoqUTohJrXwfehteMapaRYFLmmzTecsiZHMbnlOptZYzrJYtzFEfYhvVVeGapiStpgLqbldVQflnFPBvXjqCdieGfCeCWKyrFewSVApGHsPssmQjfpOGtaHGh');
INSERT INTO friend VALUES (12334, 107456, '1996-03-09', 'ERNOlhExUhFJVDiPhtcgktlvPYXnWVMCiCOSXNevoFqodawBLGwsWGzlIswxJHgENLDCTKhZfnbePgHPSmluyJziixQbNCNOBwhzbuBASdtpStzbwXxaxmUxCxmQxBcaGLluzkDyqrYGsyewtbSLZUSgVNoeWPRLquKFdSedRnEBBElsNaaTMdLriAtHHpgGVuBmyr');
INSERT INTO friend VALUES (260047, 311766, '1980-02-26', 'mQtWJezWBIAnRJkgRqYaoRFZuRnHHPzkDgeVZTvkggnNzRwcBdNlpskygxiIfMOrxgtCEEaKrdZXqIKVoQzfhYubZsGNSCkTOyucQgEKlGKJGRmFujwPkBEPkINHQasMSkcHPGUoluoOFVtDbzRsCXaQgRblbkCHHHJmIjXUXwwfQnyRmTvDwUJRYJlxQIMFvEDaRPKJ');
INSERT INTO friend VALUES (803946, 543724, '1989-07-12', 'wxgaMmVhXwABwsnSGtbrWpixNR');
INSERT INTO friend VALUES (790310, 543724, '1989-05-13', 'FLdCyvHwxQCZTIKisPgNMjpUCoiPDLRdOiTgKNAgqDJLMFNknrSUjFcPahBsHuYGrraoNxsetgpPONxVaMNBRrVNOASzfGBXkFFyfJbNsBhlvPyMPUNBVhBvzKdRjFXJHbxOTecVucadt');
INSERT INTO friend VALUES (178839, 295053, '1985-03-09', 'kbTzvhjpXExHDIvcPyZhrMBEvmdsQsapOiYkiZpSaDZRk');
INSERT INTO friend VALUES (674906, 445076, '1989-10-01', 'LYUqNjHRKOkeaPUHwzGCicZQWWwiWRbmWGCRweazyehIUjzyJpdUWAcRVsWECGqNNeLkexCyJIApiyvEwWxuNHsgTuJKwLHDfhPxZkgxkWYtgJSYYfLGGRoFUDPZbgCOlutA');
INSERT INTO friend VALUES (563935, 957276, '1979-07-05', 'EErhWJNXViWxjVU');
INSERT INTO friend VALUES (84605, 580304, '1974-04-24', 'rEHblFPmjqGVDfIDEBzuQjVtnwgOQyBibGYhzpJYnLQMiunwPeZNqwXyDY');
INSERT INTO friend VALUES (619718, 757174, '1986-08-16', 'LtcCgRaAqajUTbNgLdxDavRwLtnlHSphoDGpPQkATAnmAdSUdMBfylzxUdNoEkhkpNhRQpBYReGwZXMbGSOeYEfelF');
INSERT INTO friend VALUES (466704, 641463, '1983-08-24', 'iJOQrfxuFTxtadMOStDpJBPsScLWmTBzyMFBkzMDxtWNLsiAmRGjmgZSdWKgEUQmymsZAqNbDFyFIURkLqvmySjpQdwlmIZVsoTDUtbDNZSqmnnPXDmHKfGgBirNxvpLJPIATLZPAOjOwWWeSIQvyPSsZYuKSBXVPfAmvNhULhcdMBqZODHNBh');
INSERT INTO friend VALUES (381530, 67226, '1986-11-11', 'LJyrWzaAOJNOWewSCfRDCi');
INSERT INTO friend VALUES (760018, 543724, '1971-11-25', 'soUfRzxWeVpdyvHDpPjJyuDBIDSzxOPYMmAPhloPrMGoJDanFNsCWJjeQX');
INSERT INTO friend VALUES (48354, 84605, '1987-10-18', 'GQOnVXxuromprgiAeisgGCZPqLaUxYyugvWzZwokHJvRJhzMW');
INSERT INTO friend VALUES (39645, 580304, '1992-07-02', 'yiFztcIfblvkhqMuBRsudGHQYsfBchxsnUwwdneUUSuhlkzbyVRm');
INSERT INTO friend VALUES (694667, 300559, '2005-03-19', 'xhAvHHnDRIymbOkjKpenGXswcjKolUEQLeisxrvVaWhvVJsFRiDKeFehlvAUbJlZ');
INSERT INTO friend VALUES (311766, 435525, '2015-03-23', 'oCRtnyFrkiwhjKCcmihBGIdojulDSbLotbhPxJxPdNOdFCDfdELkNGXfEZNBcNDhuRFvlhxriVwXVnSkzdEcgZrAgqhnAvepKmABhwBzbXweBYDtpSPzgyAy');
INSERT INTO friend VALUES (971967, 727501, '2015-02-28', 'pFYSopyYCOoNwjLkTVAKnrukaMnVSEDKPPGQgEfFcYenwvzlvhReBpfXDnevgwNDTHSrtIwUBmlfMdwOjdGyuIidJelmycRXEjpldsXTzIxKIWUTYbYCAcsHqPOuggdsYmbAcFHAbengDUTmOWISjxdwPbdsmRIbANrOy');
INSERT INTO friend VALUES (957276, 635697, '1999-01-21', 'bcoawflGCLgAmRafsWorbdGNwYvJjGWETVyeGalGjCWkmLaImIDVKEcduapRIuaUlRafYRxqfrRNVmtQlJNZhTzXWHEEZopvIYrzEaS');
INSERT INTO friend VALUES (757174, 445076, '2013-11-19', 'UOWMczgRDbUPyIMeGFTfHrsDTWQslPBxAKqMMNHqLF');
INSERT INTO friend VALUES (300559, 384, '1974-05-28', 'RPiEUgxzLOGCNOKQlsMfyibNwZLNBMhaOKlkprQTSagywzMLoVIrrJLBzNpmbFyMLgbctDsikgkobThJrgfNOusbiCFEFzWchkZqiVaGgUBaFXPUVdlIKHDtkXPhZvxDrmHAWvQOBJDmj');
INSERT INTO friend VALUES (957276, 192245, '2001-01-20', 'JBNlfPllUzEDpUkipTUZIPilDCpJXJOWVRlYVhKniOZrjorLZjBgFoCVSnOoQqXiQkPTULeNYRJCYrTIRTQlDmYrRgbqfqQyJuwYkViUtyvcuPptfRjwMVABpQIgUUFgVccvj');
INSERT INTO friend VALUES (252846, 466704, '1977-12-14', 'IBBPULxhKhEDOeXwFfxafbDiffhhllBirBxEpqgXuALjvKegkXJQwxWtFdmeEqAkbEJhgtMKsnBeCyZsTNvMtohPLChsYXVMueWjCaftwoaypzJOkbtfJAfpsxgmteqQMLXECDGdzCbmUBpRluVYvlqwqUWNXUWt');
INSERT INTO friend VALUES (423458, 107456, '1971-08-29', 'NpXypsQQuAdDCjnPleEPlVZTcjlxbUQzxnEGVFjBvasMJMiAVenzrXRqemqNPPEwdNTdiRbzHgSzFIEsncH');
INSERT INTO friend VALUES (177401, 971967, '2022-01-17', 'dpteRAZzvIFdJzcvIXQPzEHeXVvHBpnSL');
INSERT INTO friend VALUES (368782, 260047, '2015-10-11', 'VGDDomuvLmfSpsrPWLlnHxhMAUOZkYrXMJreeJAEoqomBgXgwwQaEnVRFfkDPggJJPebVzXMUUcMgxDshwmoNgqZfrAVeMQWbFZBrhoZeaBsnjzOdvZsdLsMZEefZCXGCZdSXwpwqCHnzysGzuYupdMhsppXsIyyAtRnkFGqCtSifrMlnFvkSNJqbizuFtVENwRjG');
INSERT INTO friend VALUES (653642, 674906, '2017-01-28', 'DLQaMszSJVsqgXcWsVzjAQBKPsrptijioBlYM');
INSERT INTO friend VALUES (653642, 445076, '1979-12-22', 'BvQxwHxvGZSkEOBhCwAiaaEqjYozzfHlkzekfOQhlUzgVsTPjImYfBrpfUSdYbPFJJKskmjNNNRXNxYLlVDYItKiBYuHnhXhWJMbSpUzPKAVfIeFanpoMZDhHySpxSQBDORItQFiJpAJeSFYdxlxgkcXfjHVWticfNaQAYovCNBYJzDhaAVsboeOPFZiCv');
INSERT INTO friend VALUES (381530, 888978, '1986-10-24', 'lnRUYMtfUQUghzafUajkTyCSKQKVNuhNRUtPcjHTiWnBqoIXmaHBVVOenAWEBQicgFEYXthFfROXZKijIoXaguTYSWBxx');
INSERT INTO friend VALUES (727501, 580304, '2008-07-08', 'qeawYHPAuADnllAWlsXcmWYUcFEYvGEmZUlcJu');
INSERT INTO friend VALUES (727501, 757174, '2017-08-25', 'MLsjGYNxOjTuTTPSUuTeFyamtehFFhRNVnGAsWsCCMSpJDPXLIflUHSsSlRyzZvAiSjspMUGDjFnZVVnvipSBmKZgmKwlgqEeKZknUQCcTbQLXjwpJTtkeSzIOkYOCqcPWLTaiodObeOZoSjDPgRyPLchxiXoUNpEuUFIAEwQfXAqmvzKJyHDnIV');
INSERT INTO friend VALUES (311766, 139565, '2013-12-20', 'gGvMytYYsMaKdIFCQnIseXhOfytbEidGtoTFdIsnLMXWkhZhTVCkjYxWecHMxRcinKVjyLOHShUbWRbnoJPjanxGbtdUmAlhLLD');
INSERT INTO friend VALUES (277412, 445076, '2013-11-19', 'wVUPQKlODekyJWRLdZtYENrUYSQLeekCDqIPiMPgcPdUutFXnbVDOdIokUdrOsSMkRyosJcNcKXpJupgncLxboXoZbPYRIGKFRJCZfyPqe');
INSERT INTO friend VALUES (5258, 428389, '1988-10-03', 'CsbjoUPenYvhFlcQubXYBEmvyyulYMatUIRlTJPnlYwEvcZJLwslJBsqtNAfblNbgCpjyeHyntKmSQfnsOcLyUlgYjcMoWKBlqmKlREQTiIvMGhEkempwGTNIYfhLsmlWGeiLXiMRZeuFwcCoITWXdggGOhPsjjVmZ');
INSERT INTO friend VALUES (563935, 368782, '1993-10-01', 'vEBGrZUPjVtLUpOYzKxHUIBrTpRuZgJbyzwaoIJqHFJjsSZjHvgIVrVRueLUcSubDLnBdPLZYB');
INSERT INTO friend VALUES (381530, 107456, '1972-05-08', 'MBrRYxQpmXcKvRMIjzyQAUyvvYOcKBMjtVcCtqeQAzmChXYnNQqnBLfQvyyLkDixuFHBUYrKACMHwmuXkFNFYVYnFCWGwmbaDWtCLIgajpEABYLTztBOvVSmgKoWNpCUQImVVnEKKZNYowCstcXWuChdSYNR');
INSERT INTO friend VALUES (91664, 48354, '1997-11-01', 'QDjnvryoMqelkxCkMVcOOHTfzPlkTCehjlsmqFlfPvyLLJGVsEPMGBQbuyWCnvKQkzONJgBkeiMWbzJHPkNDOATDtfnLMjUhxUPOKqZoASXiaKltJWZmoroCmrHPntTxopBdcjldwCMFprFktvBVHcVXSRtexVMuPxOeIFyvUjOGr');
INSERT INTO friend VALUES (178839, 971657, '2013-05-01', 'aEvgrXwgJQhomLUaHdAVyhszDCRajHHrtZHcWHkQkMUUDrWymhHumttxXmXtQLguWYvHvveUnlXFuUonHaowdVbfVJolGpvUvqESdenbYkvoOxWvyBFPTzezgXXhJTDoiGeewtUDsYMdtrgJXPdqcIIdkNlsFHmuyFWLHUwEcoprQATFAzvRk');
INSERT INTO friend VALUES (505537, 569466, '2006-11-13', 'ODBDEwTWyrwpXijKCfnwZBNIeCyPtiIAiwQSnpoGJyviUlBhQJAMOnmr');
INSERT INTO friend VALUES (841207, 228651, '2002-05-31', 'jvUWRwlnmbfrGCBRNjahFEysHPhiigDUpbXeOgLxGTqQricYbJpXkHBmKTNFCDYFDGejgEXJRnMPsPvNVvkAEYrLXtTNFZuZCzRMUrsLbTbXguEgthfmNrPiEwObLGEiQCZQubfWZXOOzUKXufEOiYOStIlbXLAnOMOfIiIgxQLDHXDGbUtEHuZvHOVugTmcOS');
INSERT INTO friend VALUES (374824, 580304, '1994-03-08', 'kyqPdakJOHxpTcXwpBpESwhTnDAfdhWatXkExIZTyjLoCtnOehoQEOvYJFl');
INSERT INTO friend VALUES (635697, 971967, '1981-07-04', 'lHGdwMbvdziCKZUUdWgSdPSgKmEeRVMCLeNQcR');
INSERT INTO friend VALUES (228651, 694667, '1993-05-28', 'iwxKbQWOJiMspHKNrnlvvooalJIrxhTLrSSeAcUnAatvWglSHGNvPKHhKMmliaMfqxOOTWxWyrYyYuGgDhJhTeIzgQYirhAUjjjonFmLFcAijZTfWfDKjvtnqnHuTwxapfjRUhuWPGCNwWsnEifMEnInXDajIFFDje');
INSERT INTO friend VALUES (177401, 598742, '1972-06-06', 'cDGbKDtbUKzMbqJwRRYoGILuoUactTZEuLUHPUPWQvzklKqeyElVBlIBZYEzgyvVuIjvYYDijCyxvRBGBwfNbZilEieCfvPkkQCm');
INSERT INTO friend VALUES (445076, 333652, '1975-06-19', 'LZpwNstrOYGZzUxOBVfsazeslHPkHZVgicPzDXpeRJXfuSHWMeGUk');
INSERT INTO friend VALUES (148512, 367933, '1984-06-04', 'zmpyjRnPdhiRGlHOlxeYRFrfNYjiIzxZXSbbSkPvZmTjwACWMqsBZHcwZOBegKaUMyXCsHJKVkQRmrDCRzhXUcpOhyuhxjCPsWGShzLBiYExumMitxnGjuiydsrTOfdQizhfCgdHsDhRHqviPkBnWsGdPyWMXX');
INSERT INTO friend VALUES (91664, 260047, '1993-04-15', 'XIvqpNulVFnzObqiqgpYtsnxoaoqaUIQQdzRExAfyGaglQsfGfmhaktXKhJmikkIAtruhMziqEJuOyzmWkNNEozcBMGljdxjremsmuhuqVhNDthFZbfyvNKlfIzOoBvTkiEMFLRwnapvlnROiDlAnqpTJTQPeQAI');
INSERT INTO friend VALUES (108828, 384770, '2019-05-28', 'ESLDVidiiyzWdmAeJbMPzSZFaqsMCDnsSYrQfrmSRpRSFsIgjXrfXrbEHOVeuajoPeXYMRGKLsZHxXeShgxeyPNtBaRAyGJkpxETHyKGHuLJanfhNyzjtDZMvGCCbkBeAeofZbJqMlPTfYQgatKnMpgPdUhCinKCsvjPEYkCP');
INSERT INTO friend VALUES (982997, 599738, '1997-04-26', 'avHgOlwxrCGkvineruvytXPANJyUhCoDeHVhNVnSpVkBthvMutCEKnOGWJhbmCBWtsylVzjLTBJIOWQAa');
INSERT INTO friend VALUES (699815, 824059, '1995-03-14', 'HiLpjDjUOcXyhOwekHahHvMZD');
INSERT INTO friend VALUES (508794, 505733, '1972-01-17', 'MFXVYRUheVxszSvpgLlQwTkmgmpUXhQurUdUiIGtVmbek');
INSERT INTO friend VALUES (543724, 381530, '2014-07-16', 'UTIfZnBtarRDVzAwSXAStEUiOdtLYggwGExDRrmWFzdZqprHArnROKwypqbpnIknuLAYquxkLmriHZaquybzmdhYWTSmQVgkDjOzD');
INSERT INTO friend VALUES (569466, 822792, '1987-12-05', 'blECrgsSsgFtJtqKZPhVbEmMmoRENJZmsPJYrTPhEfLfPAKmQPgOiLKMtDulZUTVaeDDleEMLJOxGmdwfdaLLXLsaaUOgCfhTaLheiFNIy');
INSERT INTO friend VALUES (790310, 760018, '1981-06-27', 'SuxmbcDEzX');
INSERT INTO friend VALUES (384770, 39645, '2005-07-28', 'yJRjkJqikmmvcXsquMTgJmtGIDbXLWepmHKHrqSghKEDQRnsdIBuYbvEVLgDiDncBjLLBVfWbQXjvquIVLODWF');
INSERT INTO friend VALUES (598742, 252846, '1993-01-06', 'IqnrEJJiTNtgCJVQbaSTzEVtCKSTXdrmZkzrBIvhnOPBtwSVlMeiuMvaftznYjgodxZGeQnbPhHhnFsDeqFvljWdKSjJaLTvXWnVeVMDAJsbzewszwZWlGzYFcAhBJJlcCvmUzdZBQXIMQRZZbCngYpuVbNJatPvyzWqSfkKm');
INSERT INTO friend VALUES (883839, 194085, '1975-08-28', 'mZzQGkQbKecjlgaLFeHgJmXeYG');
INSERT INTO friend VALUES (219208, 760018, '1972-11-17', 'reVkNYsOfHqnQoGuXkpPgMvEluPEfnxwaYiCnthCZwMpEMYTWseEHTlJMtRZTbgpYdoHZfPjtLGDeoztwYWKbgPeRDzHuqcgjnpahpTnwFeErxySmamtNSIDaqoqwyBybxHMECAbKqwHbprxUZVDyHikFcnYlAJqmTF');
INSERT INTO friend VALUES (689798, 729835, '2006-09-03', 'PhRCooknbtXKDdOTbMZVaXxMtiQZaRluHTtLvECqmjqydRtChljjoGiYxlTkAardgPfvhfMcmfZCYRmxeCETlauQHmIYsckfWwScsoZUtNSrE');
INSERT INTO friend VALUES (138852, 964138, '1990-05-22', 'utCREowsGAyGvaOpoKnBnCWejjwYqeWfxhpsafWDlcCYLFObsdUWSZBgNXKSNKYyCKmNgWPGxIayRDtdqzHWKqSMNWYSJxnAJGqwmyiNTGypqkSAHESRNnnIbFyBqLXeCtixSMGoyJDnoKPwSzVKpVJdMPikiuOJsNVQErSEiqIZHmpBmGI');
INSERT INTO friend VALUES (252846, 228651, '2013-08-08', 'XwtzQRIrnUTALabnjVkoiARJYJwUgoWQlGDYSro');
INSERT INTO friend VALUES (435525, 104112, '1993-02-26', 'osUMrDpeKsqHNOCaosNulQkHdbvXPDFYvHahGOmnwoEUDOnufQtCFoUfiZhenXeAseMKbNGRsGrpqWjCxFHDVvjdSklymjsjyliapxAzijQXbRmfBHRBrhMpmpYTpsjQilwLmTpsuhuBuosycKYWIBXJXqXPrya');
INSERT INTO friend VALUES (729835, 108828, '1999-10-21', 'NKUuKAmorlZwQZTsCVAIUuNEChtnnesOIPdtZcwuyyHrRpuIvawpuTFrsCFzPSKGJaqdKDPuwYKHkJZgdLRmhtbvywiArRzVKxvKmZIceyncGkTikEZslVsmVEzYnaLfJkULDScfDtKzlShOMgxVKWvLNrMhKUuSxdbruFdTxcvxLGiuQexiEOdkEUibkVyrLZcup');
INSERT INTO friend VALUES (760018, 641463, '1971-05-02', 'IOHFZLUOJMqUcLWqATzPzyfkiEkdAdtfOxLjMxSqBNJSYAjhjRhEfICIhqTtYpljDEpBLXboCBhfIKBsqHtdstrJPmuZGSQTzNFkbMNcAukOGtXgsQNU');
INSERT INTO friend VALUES (854546, 640605, '1982-07-19', 'McyaCtupGgZVbK');
INSERT INTO friend VALUES (580304, 260047, '1980-11-24', 'DQPdkaYtJDlybyNQiAKyjNUeNQveFCUZCsOHvMPNUFHzzwmRURGDxhumAsfpYUtuSfxNnSacWMCmUhTgYCUMATcuvAJ');
INSERT INTO friend VALUES (478640, 960726, '1994-04-06', 'rSktoSlMwKIkpsmGEfiYFGzCqaLWoaJwEvgvKGpgEsQjbTNeTmBrIbmsCahLqJFdDcxeQXaUPFomivbOQZfDGxMwIrzHmAIfkHPtcdvwpkoNkuKZIwKHIElvJCevYbciUrzDYbikehZEZDyVMshQOMIZRjvqgaRdTorAJrFUijSEawFHbifIKtVZfeBcXmOZk');
INSERT INTO friend VALUES (543724, 445076, '1996-12-01', 'nlOIPLMiKMlbWLHKHLXZmZoHcvdFdGCefAQBK');
INSERT INTO friend VALUES (104112, 653642, '2011-04-03', 'FdJNLVzxsUagBslMEAbkiLBwZeskpAWjkOYhDqKVpytMQvZdBOZSlVr');
INSERT INTO friend VALUES (300559, 434027, '1975-05-18', 'qxQyaDKGWtBlTLxoxwDPZGrDdPaepSPKoHmwHZYSSQSsesYIZiwCcAdOcCwoMQvQspxtBhziffyDnsJFNYubWDfhMksiZ');
INSERT INTO friend VALUES (194085, 508794, '1983-11-06', 'VxegkMPLMFjkQDfjizsyDqABmybmwIQOxfxBYgVJFesrsBZKfCDYjxaFDWgCpsAUGcXcqunWrezPPkDdHJkGbQzGAjOskzDKgWoRzDkrCynQAMfBctEMszfttCMoEZzoEeHiCyusrQerv');
INSERT INTO friend VALUES (803946, 641463, '1980-10-27', 'KfbKYgRMvAaQThtlnTsAkzVMKeaAuGviUJSbbiKlZvjcWkpVYpTNnrFfEctuhiFmZhtseKrJMTxwkAUPjmKiqTVdUTeFqMOGwtrIxgsPimvCUvTsGlwvJbzSJPIiUcBVPviBbWBjMBaHHPoeKtKPYtlHrAzVSzhXTxQNvurfHppYrBu');
INSERT INTO friend VALUES (228651, 141521, '1992-10-23', 'tpLJAvkbYAz');
INSERT INTO friend VALUES (888978, 277412, '1978-03-14', 'PRspuyEkRQJjkuDqNKJMzCRrNJifmGEm');
INSERT INTO friend VALUES (803946, 854543, '1980-07-15', 'ihgEDbmIgcPORYKPYZnUBiBTgKDJzSOJRlYesVaIveZiuvUWOmtYHdTGirAwCbpObNSEJjeygMZxNXhEdLkPAoklZdzZkTutfrLDvHlyMZDoczbENZzCnBvpesUhUxEplMJIBLMQfktXjpNeVduGAqYOJbEYTVc');
INSERT INTO friend VALUES (252846, 598742, '1977-06-05', 'QYeqgCekqhCsXLRyXTzfoRKUAIzoyzaGkXxLXurysiMTTCxsRIjlDQsvTjQgTHkFLTuxpnmlEruTUsRvCbWSsUGoZelDdMKcvwSovhVXjYNBobYugtegN');
INSERT INTO friend VALUES (760018, 731623, '2014-05-31', 'lgOaBAGacgRgZeJwtKqY');
INSERT INTO friend VALUES (478640, 108828, '2022-11-27', 'nAkprOBmBKLdGljoaAsHuLltKhFTrYvaZsHewfgALlZuJh');
INSERT INTO friend VALUES (841207, 310990, '2009-02-19', 'ZVGUQqOdUbGGtpnpKYtsIVcnbSvnhZNmIQTCLuRRPNRPrDrNCELDESVBdF');
INSERT INTO friend VALUES (982997, 116448, '1979-05-25', 'BWoQYNRUjLCEuzZmJvUuAxGBWGIzxefVjCmmgThaYLFCopvveavFIFnUesLxZXIImDkQAfjeamhaZiZhoxSdMEEltEisiDIvZHOibShwAyYtYnJadSWNFyFQXJUOuHc');
INSERT INTO friend VALUES (508794, 326896, '2014-02-06', 'jDbgfxrkkfbXSGlDWsxq');
INSERT INTO friend VALUES (381530, 543724, '2016-03-21', 'JUglSJlWTlqHfltmRmffgWWhkcezrMCgpUIgTOdKDZgHfuqWqXELmeawxaROtqkzPJYPHbNhEooafXrykoPeIXpbwYcOfvZApsSLiDVSeyxFhkCesRcMLQORGAesMEd');
INSERT INTO friend VALUES (478640, 653642, '1996-03-20', 'QhzpluCcsycQnoUHPoTCGzwcTuvaCqbTGwSoYvCSXYGzUvtjrJQdRjBpZXbkUigCABXfxuALneZLItBemwCSCNXniRzpxJakyECfRcydKkXOamjRbWRmkQdgXnCqwUBBMJQzVJMbMCwaBlnPuCTaocTzWqcgygnnXSQdFCbuteryhJ');
INSERT INTO friend VALUES (790310, 295053, '2001-04-03', 'pjKnTJKvFtmSlIRwQpJBKJKUeAfaOfhIVutHAAbmsoCDojOyGbXLXYwNsbRRNWYwxmhvSNscKcsYXYNeOmesxvOELgzMkocqWAeznQVdOMhVIPKVPHEuuthegoJeocc');
INSERT INTO friend VALUES (139565, 466704, '1996-05-08', 'UFoedqhSflNCyAyXFXWXBAUehCYpEMCIefLoB');
INSERT INTO friend VALUES (694667, 640605, '2010-10-14', 'VDMuHwwhDWWhGpSPsXqOVGnbagEmyXLyLnXJxVyCbutI');
INSERT INTO friend VALUES (12334, 277412, '2015-07-10', 'DEDONUNNnHURHhDwfcxsnruZFCQAzMAgIUxXmMuGZWZVQaUgsFIAGFFAXMFpmPbASmuUCYjbXNwbEBslrZZZcfxsPVHvidUEJGOSpvwZXcb');
INSERT INTO friend VALUES (598742, 971657, '1996-08-27', 'gEQKtNfdYwdWxcxYlZAdHadaVabFJqg');
INSERT INTO friend VALUES (990908, 598742, '1986-07-30', 'foTBJEbUyMExRaKiaoyQXvSqGrLOqHVewmOsdOPbbiVlmvMMeYbpzoTOw');
INSERT INTO friend VALUES (141521, 733240, '1979-09-27', 'YXUSsaJJtQ');
INSERT INTO friend VALUES (252846, 138852, '1989-08-17', 'LmvczAvVfFynWndqLEQxYPfDDyDjuNqxStNpOazhGGzpqitBRYgFpOloVFMraAvUBbLHhqLCBoVWvgxDDUiZCSdmqkyEeGnlklVLbJbQMLOJegYjlepyQr');
INSERT INTO friend VALUES (228651, 854546, '1984-08-26', 'tgJfzBqxoTwxrkglBHsJHrqMsGHYccTIkzNMovedZKyvDDJtoRkKxJItMFEFhMuLEmmfeQvxDZyHDkosXhRJgqQLWJmbnfyZvJwKibgpfGQPIdoEHJbzgSoAJfPKRYcaUcsBhnHipGEMjlaR');
INSERT INTO friend VALUES (888978, 555041, '1979-07-08', 'LpqHXamDSgiZisVQWVlLStcrQnebAfZgIGCvYKVYJkqAdNldpBpAHVXIFnhpjdBhONXkiSQuiYgZWbxyXlWQhlKTWuqzxzQcbQmlAskdsxMdjGxUReKTGKwOSejqqNqm');
INSERT INTO friend VALUES (760018, 39645, '2020-11-21', 'wdckEpBV');
INSERT INTO friend VALUES (857184, 39645, '1991-10-04', 'DnAGzCGreEEKljysyHaBFBRSlhoFg');
INSERT INTO friend VALUES (599738, 384, '1991-05-13', 'qRtolXquzgyFoduUUMsMCxIGVEyGoQbOIlYolRBtWlwwhiMkkTpIzEmrYhQfySWADQtnhDPJqyQrmJQDdShdlJfgeyDjWjrnAhqkllNniwjhzhxbyqnfYBKHEKgomGHDviAJskxZcqSPluLSLvHcOQhluUulyhqCQInosSEOJwaWMmVbRwhnbKN');
INSERT INTO friend VALUES (478640, 308436, '2020-10-16', 'VJwlRtzqisCwfEIwldWmQwzWkKQSFlRHxTMzqHoHizkiMMJQFQnMOgOIQfuTNjMdqJRyytwMBJqqxVZcGTVQBWLzemYRDBNtmFiTioEiyjgyInIaFmoPrLNzxhdenbLKOTLEkRzJamKcJuTRTmroPVxRpDMzblKbaitzvmWghfAXiJkBTuflZgUd');
INSERT INTO friend VALUES (48354, 219208, '1999-06-01', 'OPQMvXLGcaOaVXQLChlsFnObkmZchndPfhdrqkmLwgnOkpYX');
INSERT INTO friend VALUES (252846, 435525, '1989-09-26', 'wgFglAJQUmHJuPXmDOCWoARRkXoqqHQoudvSWooFgkIEHOdoMJNnzsXJiqH');
INSERT INTO friend VALUES (171745, 310990, '1996-05-14', 'kVDMfBIraxSFxHCqRbaYkYwuTZRYGnGvNVENAMwnEztRBhfKOedb');
INSERT INTO friend VALUES (971967, 689798, '2008-04-18', 'smdHORCpMugI');
INSERT INTO friend VALUES (495267, 326896, '2013-06-27', 'vboARvykoLtQiHNkjzvOtKSBwiCpwZViytKEFOgHNkZUREuTeUIXeIyROnUmEKZpligZQrWcFqaVedMGNYPjGTknpqZPBgijFspeAVTyfTIXRgRiLVnHbTKgFLPyIjMCjvrLkWzAnOAfiiwHclyzEsiDkq');
INSERT INTO friend VALUES (194085, 300559, '2013-06-12', 'fTdcwfHhRhtUSFgvcPIgkGYpJghBeZJehebwBszpzhmphNVDaeLZGSlayhlmReKaLpPkZURnHDnhRaaJQAtqcmiRgAjCqeHRtGzdeWHxBSpxJAXtVOBsEYATLxEXDizClqdtPrzAkUOaoooXFErtsEVpiqgyAbZJrJ');
INSERT INTO friend VALUES (598742, 295053, '1994-09-02', 'BodAZmvzADcmpTBooUwLOSbQmiPOhPZvrzPVOZxBUWLerfrpZqFpGcweiLqeHhuQnCkgRYBHIxdg');
INSERT INTO friend VALUES (171745, 733240, '2000-09-04', 'DjaXpHmILiOTBRAMbFcPeCQKGrQZoWuVqocPIXWxhjBcegpUTFPTEHGWvoaHtFRVmbqlfCfNMXLenjxghNbJgOTiQDEUVDppeoOkLzraqeOxERev');
INSERT INTO friend VALUES (505733, 824059, '2021-11-09', 'mITSoPMAAllAFfdOdcmbSAzCKJazTFJvbmJVbXRkOaNaJOfkviBKLdlMDxvLsEmdaYkSJjAQRXmfChojkPxYTgMZrcuikYWHuNUeIgdKNCJckKEzOxBUfYbJjSjMfbDvNOMtyzUmcBiYsFdsMcPcVMoYzOsjtJyfcmlMWnJitZOvUHHYKgywlSCWf');
INSERT INTO friend VALUES (990908, 154798, '1999-01-14', 'ufIGNFuoUABDiGcoXVaAEvqYNLRXhemKeXQnygPyDJKcCyhuxRANxdXIvJvRGIEMlJQLDlkrhmFsY');
INSERT INTO friend VALUES (228651, 374824, '1981-12-22', 'rsHLYkIvUTidwcodmiUHzQqkxaXioavtFSAhENwfMAWHpdUAgxxMCvfiRGJPitZSGYeWHeENgkoWWxqbDIaaPldHwDWpiUtoDvaaIOAuWnsJJkKcozwaaReHOafGcdTMRMETNmxrbOPMmQxqyfGTYXDduISvOCVSFb');
INSERT INTO friend VALUES (466704, 310990, '2009-04-02', 'PqBnNFvAIyUDonHMRrhfOHAWZoNwHyMaObgABeTbNYPLZTgkPeDrMpvxcgpxdJwilavmqIQkQADYFCNzAQpfGsHDZdyToMBuCkvAdHRXxTeaixdkC');
INSERT INTO friend VALUES (194085, 27982, '1972-12-02', 'RTeDlPlonBPmeJBATWkZQQBDzEVpwWIVuqFSFeMDulxhZWFEAzZrDyys');
INSERT INTO friend VALUES (12334, 990908, '1981-08-20', 'lrGvSEtvclfMowjBYadtYTkHmjnMrgcCtZSCTSLSlHhUQUNWZkmvpveUsYoNpLfhzodwESiSMKNoURPNuHzvlDtPhxkPNmwbWfVsfPzMKOMqNQRySHCduxsGCfQNhZbldLdbthycROhfpMALNKMnAilCAqTsXKNcbrXoSRmNbutAE');
INSERT INTO friend VALUES (824454, 505733, '2000-11-12', 'WCTwCgXKYMcLPckHqKaUUVdyXTviGXxOJpoJ');
INSERT INTO friend VALUES (689798, 178839, '2009-09-03', 'YXLBeGKwQdwwyzQhIpKMnsYibByxqTNuXOa');
INSERT INTO friend VALUES (310990, 311766, '2007-12-23', 'NXNdzDjVk');
INSERT INTO friend VALUES (883839, 990908, '2010-10-11', 'bOeiucBgKIAfaZomUGVMLHiBbnqbwqoTnwEcuBmpnZpNsPwKvWCvpENUZvmDgAMtdMiTjAZITrFXhGBJeJDgsoCKduE');
INSERT INTO friend VALUES (971967, 423458, '1970-06-20', 'EKCrKmmkxKhGgjbqRAvzosKvK');
INSERT INTO friend VALUES (640605, 308436, '1997-01-17', 'pNWOWEDquUvbUrfJAMQYcyUpkSziVQjaVjnSrcwLXjuGZOGJNzIXJkvDHkFJiALEIqMnFaQOnoeOBMLhjFeSjxpYWVKhUnrbZOeiRHkbJduNfhPSlEXvPjsarytKFMWrAyKmMyp');
INSERT INTO friend VALUES (569466, 619718, '1970-06-16', 'OdpuMrZeVYLAwPtvvoEYeGrkaeJCcaXRpFndifWgUZqBjxuqAiYnQCjhMhqrJOQkgCEjslbIBbkAdqabVfOiNfOEextlHvqZnxCpcS');
INSERT INTO friend VALUES (141521, 757174, '1993-01-25', 'CTATFaOcwZEvnFwwakwLTuhgyqxfCCjcSUbyTXDVAJxdOAeBHKqIckLYFgHVwELniEVkPZOpqXPtE');
INSERT INTO friend VALUES (990908, 107456, '1989-12-07', 'xyYUrEpzgDPvBiFKPg');
INSERT INTO friend VALUES (252846, 27982, '1973-05-09', 'sBuptwsroyyLJDMcvlBcLLBbDtTAwtkoajSkItcvZSvoDsASVtgnwdZociUJH');
INSERT INTO friend VALUES (138852, 851303, '1998-01-29', 'ytsXjdmuRSDFQSJWzTPSKnQbncgzyFzTPsbCHrVYutIGsrYahqLFLuUBNTLshepWZxzYNqOcdE');
INSERT INTO friend VALUES (178839, 171745, '1990-01-17', 'mfBodOuPlnuLNhBQchXEsQTPdmJgueNdwHaBPuSGTUOHOCeTXFwioQHDlIRoBUjBCkLQIWEAMuBeVuOugVtdXxMpjqpXqkAFfHAmzXSstUPMZHzLomvFnSnxZUSpubDRrTEOZRXRGJoKAplKVDBLrAjeSrOARLqnV');
INSERT INTO friend VALUES (505733, 333652, '2018-01-20', 'rCPjrfvTcWtbcqQUqNIKjGtACdbTxXvTtXLZkWkHgtgMVOACWuClFxpDCGEYydLBZZPJAxpCVQyisdHuxQYxVFCxDuEjHKrXpcLrNPdiJxqnshRYVyRNJAICClbaVJRIPseLCFmtFVQcJnrbpQYaEbMlnYZtlRxqOHIrdzbObcTswXxxUzq');
INSERT INTO friend VALUES (141521, 563935, '1975-07-24', 'rZrUgWbIKPVnhUKVarFFTHZtUFliPnSmvbteaJsvzXZlTuwscKNJCEpUKHWpVQaMuksEfwroNTVDwbmEDXcgdycLHvZbGYGaYeiRQmWgreHCdcfTJYyYNneEpwRlJwdcjvdmNtzqbiVHCVsHfOsZVSWEbFHckgNNm');
INSERT INTO friend VALUES (48354, 824059, '1988-11-11', 'WmtgfOblyCTBfAOYuCtAKwVuxSktRnjWlevIMbziMIYFsMON');
INSERT INTO friend VALUES (632380, 67226, '1977-04-25', 'AOLwIXCOPAGcMwxlnZmNFHnPiKkPweIzyZLJKidFCMDrsSwQAvXRxzNuzIJMRTWVXiJqSNKkbVaZsJNISNmxEtfoyaBPEVkObDdnDXGkLkAgmveMTOxNF');
INSERT INTO friend VALUES (333652, 260047, '1993-07-24', 'CrIiNhdpYkeLLgomTgqfzbVenqCtWeSrVNdyjfviMcxuJwImkmEaKyelESDCSUQjAfbKpyZKzJdfJEXkflGEhRa');
INSERT INTO friend VALUES (178839, 599738, '1999-02-23', 'RPmudBmSLfIgBXISYUPKVayUxsBdwWelsfrJIpHAhOgpuDosCqAWEJyYJcOoEKBZTyoCxmklRPAnFqvCfqIjmIuSDgebPftEwSz');
INSERT INTO friend VALUES (478640, 640605, '1995-03-26', 'GtgnPdJieauXwzbaXBmLGryLzTpbFbJWIRLVGHlpZjBZfdrmAxTgVOCgTETiOjrWYjyRHeEMeoY');
INSERT INTO friend VALUES (599738, 295053, '1982-05-14', 'VBqiEVRVDwUGkXCDWKMjNdWlthKUhKVtVwcwFbvUGYLuFlOubVHIZGiDARZjsjQCHzzmiUHygGIrsqlqXQddCfWVfNljeMWYvCvFzmqqmYzFArJLulBqnzxGmlXsqwEJzLTrOPJoTMjZPrUcbDcfnOBAUIxAkrwPPMJkawuLueuLUjxOyWMFKAzWjZtHbMqdEzaP');
INSERT INTO friend VALUES (154798, 423458, '1993-12-04', 'cWQVTFYPgPPcMWVITgMCUSYqpqXwhKEpqvZZstpYrXXaGJVQiTjtVrPiqTonuYIyqBHzdHQjCKbEtYqOLOcnmHTLedgjmiueDhWtIiaodzFZTiCZtDedvdzQZJLUWVjLrExwddqfthqXrLEfnQNa');
INSERT INTO friend VALUES (619718, 478640, '2002-01-18', 'dheNttlkQLYwoIuYUWeNltsLDpfGHXksqXdJIIjmZZRXvzigzavmNBNzFdlTarTwsxBcIXUmOAUtjMYOttJIwzuLVLIK');
INSERT INTO friend VALUES (428389, 543724, '1991-05-23', 'iOiudjAWvgDdmtxDgbCzgxmpjLeGFDSllMlYBCpnnPNplQJhKigBZyDeiMTjVhZAOiEOuBArEwMYpzNqITaJRakCXPhnLLuVLTzxcgntzMowlCasqHJvuuUybgwTbRMoNxvSmmqwDgks');
INSERT INTO friend VALUES (48354, 822792, '2004-12-08', 'ayxFpyCEDCWdmbVkknfNBUQSDbjJPFnOr');
INSERT INTO friend VALUES (84605, 300559, '2021-01-19', 'ELvGvsQnQIEGaddsDPWlpIbAICpwGQNmuJBJheMfHdgikcugwsLuSCZiNbHirLIbsIsWaqJPiQIOQsPJTQUAaZDsTwLsfSZsSbXPALZwgfMjAiFS');
INSERT INTO friend VALUES (91664, 888390, '2018-01-30', 'xzPlfmVwRXkIKLFwNLmgCKibNNbJiqHvKaxApwzschvPPZUrEPLrphRCgQsDLNlnvNzBMdnuuAoiYcqMq');
INSERT INTO friend VALUES (466704, 543724, '2005-07-18', 'YbwXeGLBtOoxrivOMlVEbrDiHodUrzIxRgxlBLBGusIUgAEiLJuIfcTaSmUsjAtFHfabZUXLplNinaEmgdnZQJIxUOZbvicwqOGbsATvnb');
INSERT INTO friend VALUES (12334, 171745, '1992-12-23', 'JmbSKyRCTbUGgahVlLidEDAxdmQBOrlsPIOAPaduFGRgbqdkELCfqkIDReYlGfhcZlApTsGdjYFYWUJGQqvQEFMdTmcrOghPWTaqKkEropoCWeqWuNYtQqlCkQqjdlDcCkxbzQVxKMcthhyfeyGVrCDQVCSfqqYSGwPf');
INSERT INTO friend VALUES (300559, 957276, '2017-08-20', 'KJLGJqbtWvYUMUhHUENkQNsEqEKmvWSHUzyvZzpWsrxxpRzEhfMHTotibqrKxaoOUstjGEp');
INSERT INTO friend VALUES (653642, 27982, '2023-01-21', 'FGPmHCAxzdcQRXTteQQsCqNdsXkWJbSdAdWNjOhUtguSCNZPXWFpnJVWLsjTmp');
INSERT INTO friend VALUES (960726, 384770, '1997-06-04', 'uXQHGKdpWHhVOExlzjIiAREnWuFFJxOSbyJGqWwAAFxOyMCQEsTrBFMFjPYwnfcSIjyKWbiAfSZKPqMBKKMSJJDYWQLApeFfVWkBjTuPvBBSJRQPmabEzugPynYBrIoOYyIQbLsEvQiyzgmeEmcIGvmvDQmPpaALj');
INSERT INTO friend VALUES (598742, 333652, '1987-05-26', 'nqdBlUKyCXdZwaeABeucMZZWnOYNRhDZkRvFZpeEuT');
INSERT INTO friend VALUES (971967, 495267, '2001-06-25', 'moUdIpNrbEsiCYpJdlQdZpKKCEngCDkrUPqIzFGZVKoDYWqpfQjCcuwFrwrMOGXoMqUfWuoEdTfLncroRvJBULabwNlvxKoDRfmFVwIGnzutKycHccUrepc');
INSERT INTO friend VALUES (141521, 192245, '1983-05-04', 'rcMUfqYwaXXoEZRKxEXQnPEdhTOlRojfCibAtNUAgmswlWyqtcnfkJUDRfbqpLwkSNzcAJfCIIQjlBHUeCprdDHVUhSW');
INSERT INTO groupInfo VALUES (130812, 'LJbCamZxGbdrrKxCDFim', 813636, 'lxZshXQhdeykVwVnHdFclYEmYbdmYdBLLkgAcBXkZnCRIeJygpAjgQXeOhfaxZAMUmEtJxXcazRKSSh');
INSERT INTO groupInfo VALUES (270020, 'jQCbTpVzZaZs', 934151, 'LxKCOqNeED');
INSERT INTO groupInfo VALUES (966295, 'DOYeDGtWJMXvMFCIvNgWBsbLKgByHlzM', 530150, 'AjExOVplXqOkUlcbxfUPVvjwzyehWauJWTVQcdfIOqhMUXqNXzwgUXweKpgGGtflWzjwlMLDEeka');
INSERT INTO groupInfo VALUES (406217, 'XOpzOfREPpZoWuaJUtLiAfoMIVseTLhLVlmvSxFO', 713058, 'DxCwtHGGynEWgoQtOUitYhybcCFjIpGQZCqZQONGJgfrhrNlMQeNzmDRumqJjuCxZcPTevsfoxoysJtojQgZlFHtMKuFZltkVWLZcvghgFBVfYK');
INSERT INTO groupInfo VALUES (546880, 'KbGhOLKwhNbJTIGADAhHzcVA', 995642, 'sLscLpBRkgVrfYbPEOHQssAsQMDMMbDCkkVKsaIhnuUJNDFKgoCQtgcwavjJraNUDmkpwSKbdiCkjRHiZfKIFdXvvUKtWJlZcuxIaVdQDmgzJQZvRhPfmBwtgUUYN');
INSERT INTO groupInfo VALUES (74567, 'gTdyMPBlWwNTguqoACVHWDbxTNZrSLIurlTfaPj', 923367, 'rbQrpZAzdzKpvVYSEAzYrpQiUlZoIlqYWCmWdDCcLGYniDfZbnZBpmwGulDZVKGjJzFNbqdauhMfYpWCggZmIbTVqqQoonGvlGhqUnHkNP');
INSERT INTO groupInfo VALUES (625382, 'qJvTCGdTGPdcnrZApHlQnBlTEV', 988542, 'jomuLHVb');
INSERT INTO groupInfo VALUES (302430, 'WRhTjTvhLTFCJHuxfdvgdOrn', 487699, 'JTHEQHWxBozsAdNXZCdAzpvWyORkSzUhAjVbyNbWxCVmRauvKreNnETSUohdpTSWdeHjUujhDiqmNzxIfFWAvZunrubjJYaFFqDEVzRHcSQAsLQUibXUwoHoLxWFknfcjpjsVsPGkSxurIChpNTbpUdjHnwHdfGHGNcFoZrBuBMhMSFEzCrMzcSdWx');
INSERT INTO groupInfo VALUES (345688, 'jBCmtdPyoUbVHMLWhKQxsBajeSaTpR', 187572, 'vPKoEdtYyAkFijlLmdoRnVdeMHyWOZmIAguXNofYqAxJeXDKYxEIQlceFwTIIjPpXwDHBiXzgiRNXiEOOxRcPwDwLxBPwEASwWPrbakciW');
INSERT INTO groupInfo VALUES (540537, 'lmlmxhVQDSQuMGvwFKYPLeihkugfIxuLWrfpLTwaSeL', 488276, 'SENbFzhcBlkMGltOPAdcMqvjxxAFUHiGbYNFFoKSKpXFQDsSIHMcIhMcSJIxmmPphBYxbcqXbhbsirmLWesthOXLvdhaIQGWtdTxJzUDrHGEzaRTXkqczuQrQXAngnaKjpNwDQxcXfwJUOoVXclzNdOgjFErlAirRzBCWnckCbew');
INSERT INTO groupMember VALUES (270020, 960726, 'Admin', '1982-03-07 14:07:36');
INSERT INTO groupMember VALUES (625382, 171745, 'Admin', '2014-05-13 19:04:42');
INSERT INTO groupMember VALUES (625382, 104112, 'Admin', '2016-09-30 22:55:03');
INSERT INTO groupMember VALUES (74567, 478640, 'Admin', '1956-05-10 19:23:25');
INSERT INTO groupMember VALUES (270020, 505537, 'Member', '2006-10-19 14:05:32');
INSERT INTO groupMember VALUES (546880, 423458, 'Admin', '2018-01-31 01:16:21');
INSERT INTO groupMember VALUES (625382, 729835, 'Admin', '2015-09-16 02:14:01');
INSERT INTO groupMember VALUES (270020, 760018, 'Member', '1952-11-07 18:35:01');
INSERT INTO groupMember VALUES (546880, 260047, 'Admin', '2016-02-20 03:33:12');
INSERT INTO groupMember VALUES (625382, 154798, 'Admin', '2013-06-14 23:52:23');
INSERT INTO groupMember VALUES (74567, 139565, 'Member', '1989-12-06 09:15:15');
INSERT INTO groupMember VALUES (74567, 194085, 'Member', '1951-11-15 08:36:04');
INSERT INTO groupMember VALUES (130812, 508794, 'Member', '1989-11-24 12:21:07');
INSERT INTO groupMember VALUES (540537, 326896, 'Admin', '1991-08-23 09:31:26');
INSERT INTO groupMember VALUES (540537, 436206, 'Admin', '2009-12-19 19:27:31');
INSERT INTO groupMember VALUES (540537, 104112, 'Member', '1970-12-01 22:30:52');
INSERT INTO groupMember VALUES (74567, 760018, 'Member', '1951-01-06 04:47:47');
INSERT INTO groupMember VALUES (546880, 757174, 'Member', '1990-09-08 13:37:32');
INSERT INTO groupMember VALUES (130812, 311766, 'Admin', '1994-09-19 05:11:09');
INSERT INTO groupMember VALUES (130812, 154798, 'Member', '1959-03-11 10:51:47');
INSERT INTO groupMember VALUES (540537, 851303, 'Admin', '1962-12-12 12:47:25');
INSERT INTO groupMember VALUES (540537, 888978, 'Admin', '1968-11-03 02:57:41');
INSERT INTO groupMember VALUES (130812, 384, 'Admin', '2021-06-07 22:33:47');
INSERT INTO groupMember VALUES (406217, 694667, 'Member', '1991-08-04 19:38:52');
INSERT INTO groupMember VALUES (540537, 964138, 'Member', '2020-01-25 13:37:52');
INSERT INTO groupMember VALUES (74567, 326896, 'Member', '1953-07-03 21:53:29');
INSERT INTO groupMember VALUES (74567, 960726, 'Admin', '2014-09-02 13:45:04');
INSERT INTO groupMember VALUES (130812, 84605, 'Member', '1967-01-10 17:12:37');
INSERT INTO groupMember VALUES (966295, 689798, 'Member', '2010-06-24 23:37:23');
INSERT INTO groupMember VALUES (270020, 367933, 'Admin', '2020-09-21 21:11:51');
INSERT INTO groupMember VALUES (966295, 733240, 'Member', '1990-01-12 23:25:48');
INSERT INTO groupMember VALUES (966295, 857184, 'Member', '2016-03-14 11:38:23');
INSERT INTO groupMember VALUES (74567, 505537, 'Member', '2016-09-21 10:26:36');
INSERT INTO groupMember VALUES (406217, 436206, 'Member', '2007-02-23 15:25:00');
INSERT INTO groupMember VALUES (302430, 632380, 'Member', '1988-05-26 10:43:48');
INSERT INTO groupMember VALUES (540537, 563935, 'Member', '2010-04-28 10:59:15');
INSERT INTO groupMember VALUES (345688, 48354, 'Member', '2012-04-07 16:30:24');
INSERT INTO groupMember VALUES (546880, 91012, 'Admin', '1994-07-28 17:26:09');
INSERT INTO groupMember VALUES (406217, 854543, 'Member', '2009-06-30 21:24:58');
INSERT INTO groupMember VALUES (540537, 384, 'Member', '1968-10-20 20:24:21');
INSERT INTO groupMember VALUES (406217, 310990, 'Admin', '1971-01-27 04:01:06');
INSERT INTO groupMember VALUES (406217, 308436, 'Member', '1967-10-13 13:53:22');
INSERT INTO groupMember VALUES (345688, 822792, 'Admin', '1992-01-17 09:11:07');
INSERT INTO groupMember VALUES (406217, 569466, 'Member', '2013-06-03 11:54:00');
INSERT INTO groupMember VALUES (546880, 733240, 'Admin', '2012-05-21 11:34:30');
INSERT INTO groupMember VALUES (345688, 445076, 'Admin', '1987-05-08 21:56:58');
INSERT INTO groupMember VALUES (74567, 824454, 'Admin', '2002-11-13 00:25:32');
INSERT INTO groupMember VALUES (540537, 619718, 'Member', '1989-04-14 10:16:55');
INSERT INTO groupMember VALUES (406217, 824454, 'Member', '1978-09-26 14:11:05');
INSERT INTO groupMember VALUES (966295, 374824, 'Member', '1980-04-04 11:21:29');
INSERT INTO message VALUES (758038, 125322, 'YZRilQjwjZHovphPgvJhaqfOlHsbSPGvPgbdOxnnGHkEhhGxIKPwk', 141521, 270020, '2002-10-31 02:50:18');
INSERT INTO message VALUES (495808, 177401, 'wlNSSKbiNkGCaNQAlfQdlcARwJEjBPqfBdKNzEmrUvUtwjIXIImiSlEGqcPxbqoeMYFcfXdcEDkjYWFbNgxNPHIPgLFZAFCAXvztLNOMNjrSqhynQKWezVZlnXLVZvSrDHAKhlMXIzIttCbuxEKUalGilVHugTtwaSoZWCdoFCdsytuVsmSyReBLRkrbe', 12334, 302430, '1959-08-25 05:06:06');
INSERT INTO message VALUES (786100, 91012, 'IjccNiNoeiqfYkNhiaQnuVRgLOzZlYxlwssuIZPcDVOxzPawbNASHEEkcBVeMfQqAXIbcUfKpTwVUCWEOCCsZkhRMmdnbqvMVfICUdPuKvG', 311766, 130812, '1966-09-24 10:04:11');
INSERT INTO message VALUES (409732, 841207, 'uszIlJzvKYvbuIhiSZfLahUzxTvsJGsaHaEkWbZJjWUXRFBebUNFCUBCgtNVyYAQKKxPWeeSHAjkiGsCCTZfxrXpderbntAivkNGpgpbghBuxXUkGRAbHqbXbPGhpCPstBdmmezCtDyhHwuFakZFkrXsK', 138852, 546880, '1967-02-18 22:32:26');
INSERT INTO message VALUES (934468, 5258, 'sJPkseufcDkiPNhQau', 435525, 270020, '2000-11-13 06:27:20');
INSERT INTO message VALUES (631055, 470185, 'HYvjSFplakxuSHJbhATTePyiUJdcGQIgTEKuntsnRCoNgNqXlbwEAyjEOQb', 851303, 302430, '1950-11-04 22:44:10');
INSERT INTO message VALUES (781841, 971657, 'LSUKhHxqnsXSqZILCLsQGNdiwEoUHswDCVgQafiaTyyZkRtAnveg', 822792, 540537, '1990-01-29 23:20:18');
INSERT INTO message VALUES (705395, 310990, 'eIzziLNgobIZAzsybvMgqdOnvzhSWZCMXBUokcVSOogOHCfESstnYNbtUZACHDuiJmmSqmOyjgDnpDQGNDWIeoBGGPVkdZKBJJevJXtqndgjIBObVBNIXMUYcGHFbmhnnrqggvQNxFFhFjoSkGatwAUJLiDLwizjgSeYQEbHJYklaTWuuKCvWOrYTkDoIcEj', 125322, 546880, '1970-02-06 12:26:27');
INSERT INTO message VALUES (474454, 384770, 'KMfWhVPZjDhxzskyHGQPCgjzCGvauFrZQQaEcdOJjHkKBzDqZXfPRMKaECVYbszCYBanIjRVRBdQxVrhzlZtkrwwaOGQSZPmUFEzNuxjVfzgYEhtSpXxorIKSYQkKGVITVnqPoOlyM', 478640, 625382, '2010-02-11 06:41:04');
INSERT INTO message VALUES (253823, 653642, 'mRiKAAfUJbFcvtJzCVPexmDDICAEeHkvuUzJMkAXjCtOtLMCPLYBHAgcdZGbMFtXwjdWKYWREgSMWNBHmBhCvVzdoYqpoXovjpSZrRNofmJpWCXGYhBnSKGrSQheEWFWxtrExHblQsBqWMZheZcSTJwZOuaEAsVxOVLbofkmwEKEjBZlNZZMrPPFJppB', 466704, 540537, '1958-10-24 18:29:26');
INSERT INTO message VALUES (767907, 470185, 'LlMwymoEpOj', 367933, 546880, '2011-01-10 18:11:08');
INSERT INTO message VALUES (74769, 760018, 'GLUuIAfCSkiesTIeCTfmHvwAnopTYyIQJqxfkKYrLMFswRcVUGcisnckrZRVecCdZPZzEztZfblftyIZQhvgxjJnYToCXNTTjuSObEblSundZfKnNYhMitrFRPLpGzPcYoJXHscbrDpOQRMVzGEOERYxUwEFgmTvhzkFTlE', 368782, 302430, '2016-04-23 07:10:35');
INSERT INTO message VALUES (10816, 470185, 'OUhpAjRCByDZdgiUUKOandKaAfraPMesDQdTULorZVinNtYnUsfGxEArddmPUjyfzQSsuHVFKxQEeJHmKMEuylKztRXwiRcDGQbAGfisKHrOgxNZxe', 139565, 966295, '2016-03-19 03:48:42');
INSERT INTO message VALUES (763000, 957276, 'fPCgXnqyGKBYWCNRGtjOTyldjObweDgumbyvYqLrp', 434027, 130812, '1978-04-23 17:52:14');
INSERT INTO message VALUES (58009, 727501, 'iBNdevvJxjbrkKvEDsWvwKtNljPpiqngLbHNzuUVCTLCtPgkQWhSsQhVhlIdjYhLjLccjJDGAdMvAqYPdVaZstNCgJkhkZMHHkGCvkQvRhawPzCTarDivIyjvRkiyLCvFIbrGrGokEqgsjfZobkOfWnZdzJ', 470185, 406217, '2016-12-04 03:49:29');
INSERT INTO message VALUES (240368, 219208, 'WhgmUZJjuBglnjhOUSjemeFiDdCiwZrKBWxrkHwNZRpiUbehwPAZRzmaMTEYPoThVZZJQyWayBRBPoidiLGxW', 851303, 406217, '1986-12-26 09:46:09');
INSERT INTO message VALUES (68970, 91012, 'EAvaEHAnKNOCEFEhPPnvmNbnKDinasWTlmbYjpktIgojPSiEhKBvcRpxCNwXrmbojcbPMchleRqjbwkghXApXpYjvGZwKrGYqDIkbGdAFlMkcQhCazGda', 48354, 625382, '1998-09-13 04:08:11');
INSERT INTO message VALUES (484901, 857184, 'NbJJuctZaYRhkqmSLBxYdXNuHowvsvZvDpJXWGkiLfADxARCJlUpDDaPWZbEBacswblfvPZqujvDFxyPdkPAxDQWKwHOOKR', 178839, 625382, '2020-10-27 04:51:41');
INSERT INTO message VALUES (780777, 757174, 'IhYXcJXelphtwWplhqGoyIJoAoQQAIlkQaIenwVsniuqLNftwRMUZIZvHmsOMUGzSDedoWpiBmyUXxtVYnzxRHxVokvomJZppwmunmrry', 598742, 130812, '2016-04-16 23:08:07');
INSERT INTO message VALUES (570123, 580304, 'sxKDfredRHNMmhQulMnaFIzYtmwVnzjOOgj', 311766, 130812, '1981-04-05 20:22:04');
INSERT INTO message VALUES (682027, 116448, 'blXCDxfKprXgvvSvMCOoRcUTLOTpnhEnZlSRJxQVaMBAfAjfgpQpXfQBWzqwuaYVIukIakgsGkPREBFYhzDeQwKZNdMfxNmSUrHBhnMDhnCftWpfaoHCKblMGiWRRQThuksTfOLXv', 971657, 302430, '1966-12-21 14:25:52');
INSERT INTO message VALUES (208636, 445076, 'CHAnWPoZutqrFrQZuhVTDgHLvVosaFuONBcsYIHAbFsEhwtRGtAzgsYCmvWdWsMOZnNjlpjCAEihpCVtivYduktoZxaGZnlEsSYBdqDzmLFcbeUCVgLBSzjBYlOXurbXFRCHeETfOodldvjmmODiv', 171745, 130812, '1976-08-16 01:18:15');
INSERT INTO message VALUES (456511, 803946, 'xvUevaNVpBtqnXuPTmMVUyHStKkQzOiviEOEPDfRcnibOXOhhSavtYxsyUMbuifnVraHgXmXAxVvoDGDISRNicJrDRAuvmgUCqbBqZKUwS', 374824, 74567, '1957-07-22 20:06:18');
INSERT INTO message VALUES (932827, 434027, 'hEMqggeDskeOUbJwUNtViwKPUbxognTvqxslyBUNDaKvULAUaBtUImPyNGAqgZsrunvCKCMgYvvdRdUVeRrMBClSmImaOFzUGGOrpegrqkXIWayJJsrtGEcXyucEJtdscnmhqfsrhBPeDu', 851303, 966295, '1969-10-17 09:07:26');
INSERT INTO message VALUES (710153, 653642, 'FpvrzWfRMaYRMFvMrySWOjDwNnLzfYVxBxVUDGGNxPYEzYiTBUBqYweAvGaMsLaQlmdHUZAuPHaDOLiuXRDbZgzpzWYEAzBwr', 960726, 540537, '2020-06-20 10:17:08');
INSERT INTO message VALUES (114615, 219208, 'FKxxrpqoXHYcemThLQwXhAfjFePUvPHpoSwMKGXaNAmHQiOtstDxckWdNohBMzonkdSFfAdPUfXxewJrWaZxtVjcyRGdDKjGNDq', 374824, 406217, '1996-06-01 06:54:34');
INSERT INTO message VALUES (196650, 641463, 'gmtQrRJedSfORvMFTTeNxOkYBoEcCIUzzankogJdGuohOGqCvkrlnlRLUERZoMBztrlAhxJaIdOTdgNCxneoyJpB', 731623, 345688, '1976-09-03 18:33:23');
INSERT INTO message VALUES (578945, 177401, 'QYgvwEHKyXmHqpNuUFhCNVeEeraZEEfwFLQJqvHDyRGyTeRUNb', 733240, 302430, '1982-10-20 08:53:24');
INSERT INTO message VALUES (83999, 104112, 'QTbgcxQbfQoCbcHdrFErlcbnDUypDRNwzwjKkZogkFdQATNRtUEDeppoTznGpyOHKtoEXlKQzeQmhfSNMmdQjOXUoHBDT', 694667, 345688, '1988-10-20 17:43:17');
INSERT INTO message VALUES (564864, 829266, 'aWFfqQHiVklOaRUjxQUBvObhyswaGmuQvUKPXLMHcrerveICYebyTep', 653642, 406217, '1997-05-08 17:40:06');
INSERT INTO message VALUES (493454, 277412, 'xaseDfdXmecUerPlHAjWNwghhKMrJzngqThOPaytSgdyhyAFgXhdsnOIDjRfJjjjDHCmKtuCaIpQePrhNAVpnyjFvQShwJO', 178839, 546880, '1971-04-09 18:07:44');
INSERT INTO message VALUES (222551, 374824, 'mUXTQPsMZkQkvTkfhXOGFFJafuYdiApthvyaXvYnUCwYMEDBQAYhwZLziIbFLVbxFnfEvVjxgLKHoBYyeAKBqlkDEcgSpBbmrVVkqLUsASBwftSXmyGHOpuvZxcSN', 674906, 966295, '1977-02-12 16:21:17');
INSERT INTO message VALUES (622194, 543724, 'BnsuQFmuGAFNOVXtMJftSBEhSdpiCiFuWVMaCtenSjDHzOiXMIHPEWtqOwzsLveynguabzqFHoyFJXUsomDtiIgKmzfyxnrjvPwNBmPAnqpXvAXJVjz', 731623, 966295, '1951-04-16 03:42:07');
INSERT INTO message VALUES (703841, 91664, 'aPzGYyCHGZpAaLUJgwyCXgnRRRFwUXoSXUSvfAIRMMOGiHkRyWJZoTJvhDbpVHJNKIHWEgiHbRLPDsubPUwQbbsSeHnypTpRjnwuPFWfleJSfWvgVYhdBp', 619718, 130812, '1956-03-08 03:12:26');
INSERT INTO message VALUES (649236, 423458, 'hRcwbmQXrPozaEYkCHNvyIGOtekAXWtccYYluCJlETlVGMvlISdCUCXoGHiXvRowyCnwqleIZlXBKUZWHVLIrhloETmcqDnpxiUdPzzeiWTs', 824059, 130812, '1990-05-31 13:23:00');
INSERT INTO message VALUES (170519, 495267, 'frnWnJkTUvvFMFYlKQwqJufJCTFXCuYnXGdLJKFYILVrxPlqmMKaiPYieXOBTXisrjqSVQbtHZknlgtmNTZzAbZPYeivUdhKqUeuvmQVepZeyTvJCSOcVPMG', 384, 130812, '1956-07-12 10:12:33');
INSERT INTO message VALUES (346686, 434027, 'HcMCblmRXXgEdwnKZqlnDfzdbYwtMPTDdTjjxNlKIJROrNtQrrbxZCPKQBRHUnksHKyGUtVBlRMqGedcjEYJovdbjxPAIiqippRiaesfByhucugXIqPkFqqzFyIojbDbESaVaINLjHpFhgeRNSJbFfqOgsgzksNBZkSddFz', 957276, 302430, '1990-05-23 10:01:58');
INSERT INTO message VALUES (763396, 964138, 'jiJFmQmLzvtYpzPvMEmMFWrouJGjRaSjJNVxkZxCoRXXgUEvBzUJjuLiSTopoSndwmwZBOGqxWaKNLAjDTDolUxrDzuSXEOuXaUgiQ', 177401, 270020, '1951-08-21 01:26:46');
INSERT INTO message VALUES (281945, 260047, 'AuavNKCkoxpCmkLbWkGclGENJ', 829266, 74567, '2010-09-08 04:54:36');
INSERT INTO message VALUES (865417, 310990, 'xccqbLwsIrGaZbaFrZrRQjDmzuhUIcXEuxHoQjbdRqHqURrNHQEpEBymcsRHYufPbqFkhhaBfIMIzNlxZQlqkzFAdFbNdCdsFVCnGBDkWLAbJSbkVOiWWWKhQKjrNqilwzpfeBzGwSzcC', 108828, 270020, '1973-06-17 04:22:49');
INSERT INTO message VALUES (959364, 194085, 'BJmvQnyfHmsBJBPUfwaoxhpuHAmDHFYMfQZmSDZyDSyuqQCVaXbwyWldkgRPZpWgvvmindIPIZTJdqBTMCKsQYIWwOXKVuesldGkQcoIIOiAhmtbfjhFmVRyuHlCfyhUZdEkpVLyLRldRzoAQSiFPWJwrcyILtOONIWjsQkdaVkZasBYusVCZSoITaZpXH', 760018, 546880, '1989-03-21 22:40:09');
INSERT INTO message VALUES (475929, 434027, 'tmrMxekBUHaOzFzVHmEwwoEsIWkMWLw', 971967, 546880, '1984-12-02 06:35:16');
INSERT INTO message VALUES (853983, 48354, 'GnEhvbFwlfFYsapkPPQKKNVHejPbdvwIOOjFNJxiespKWLJkGCeULNoysnSUTOnrwpEQsv', 563935, 540537, '2018-02-06 13:39:05');
INSERT INTO message VALUES (923974, 192245, 'GDdUvdeNWnwyRTNXKHdZysywhglAflsHSbAOCBXASEUqDTxOIrNCTbETcZCgiQaxzUS', 368782, 74567, '2013-11-30 22:59:42');
INSERT INTO message VALUES (91640, 635697, 'PzfkdRtE', 854546, 966295, '2013-10-18 02:37:05');
INSERT INTO message VALUES (108109, 12334, 'VUgmUkCnmbOeOhGioZoOibseXITdGpzBPbEDgkrAizylTorRjrUCuqDhRBz', 470185, 540537, '1952-03-25 14:30:32');
INSERT INTO message VALUES (487927, 757174, 'lPuctWCkKeHgEZqaYeBEgNUWzZQUSapDzYxrJrvIECZIaMREYZdPXIfuQjvQCZLDlkDWfLaBmRlYNJeAZTunCGpyWiZQnHwuQFJKlxeXdMONLZxyuySHjlnCklDyWkZHunQEWlrfWcRnBYNulkoqhhzuLVXbRRHopnUPBkCpQGqtEXFNehGtCvnQIiailCiNXFNqUcYb', 381530, 966295, '1964-09-15 22:23:50');
INSERT INTO message VALUES (625957, 569466, 'XhosbjGaAKtJQkJsRhTZRjOFvEVgLYReUxedZh', 598742, 540537, '2021-01-14 08:36:25');
INSERT INTO message VALUES (806052, 310990, 'VKqSFvqUqsEwfqxQxwVEtLPguKQraoxJdMXgTOYASuHKkFNYWBLWcjJHKkUlAQajiHkhzWzhsENdochFCcIUaNnoaZOUtJszKPKNtfONaRkkxhZVUwoVJeMKlbdKBjxwbVbnFzDbprbyKZnaHOB', 883839, 130812, '1989-06-01 10:56:15');
INSERT INTO message VALUES (443503, 219208, 'ZKRQcpYZJAACsnOESTrcGOWbmtNiNVDCMAdYoxNgeJUcdsumDmbpGocgVzYX', 563935, 270020, '1965-01-02 07:48:29');
INSERT INTO message VALUES (955931, 148512, 'ZLjwahNNjLbMmmpQuZJtrTYDJToaBlBEkzijKFdqtZMCUdIHznlOpaNCgrEmScmTncnqoWDCAipOYcTxgnFEJsrlIiwSMjosXmLXYPAQSfkjKYUTfMyKufpYWsZmJJGtlxplnJCnVNplSRsZkREvJNDlIHWyigurRrMYOHWkxwSvqkApmAHFQOHPagPXkOpNCRNwwMOx', 295053, 625382, '1950-10-27 22:52:57');
INSERT INTO message VALUES (724463, 960726, 'hGJKhdWKGAsQqOQfAwPOnH', 757174, 74567, '2020-12-21 19:31:10');
INSERT INTO message VALUES (713610, 790310, 'mRxXrStvvnqcLlLWwLCABVLAXyKSgDKYBcyvYroLHQfqNfvPKdZJkDVxCWSFDLixPqSEXFHGBOYstpkLkpCPDQ', 619718, 270020, '1954-09-21 23:32:33');
INSERT INTO message VALUES (864513, 731623, 'qAfFwmACyVFtgbhAqMVhKsgKHysTtzmZfERdFfWFFXVgNKpOxQpNCKFoNQBnuxIEvJaZcjkGIGpieABmVGbUpCYbhBzVtUiKNQSGISWkbUeLWovJZuk', 84605, 130812, '2012-02-28 03:28:04');
INSERT INTO message VALUES (144837, 466704, 'FiZNpqLTwxkjWLMjsDnFtdEyRAMTdepsDmqVkoRVKBOAwVMvEsUdjbweVmuWEsNdkAShtFuaCbflsgyBaLcnUhjDJDZDgWHMSJceOmORppgKBtxTHCatveVDRduQIeBRWvvMW', 883839, 966295, '1950-02-20 17:02:30');
INSERT INTO message VALUES (654819, 699815, 'AICQubMfOSZcvHJxHItzkzhbyePnmUUUNzbpyIRWQ', 640605, 406217, '1955-12-30 06:40:14');
INSERT INTO message VALUES (108001, 194085, 'mOnEqSSLoEBUHxambvMyAtagiJHvzAo', 435525, 345688, '1977-10-29 08:28:48');
INSERT INTO message VALUES (390980, 851303, 'FxGyjjLGvVFNEZVwuMQHELlnfCqsaQYgbVDXeelwREKVDAlcpuHZgWoLFhhIwuXWKNSgbcSxSbFgLywxKOxYTDQRZXDQaxVBDDRNhZcvJF', 495267, 406217, '1965-01-18 15:12:42');
INSERT INTO message VALUES (283310, 107456, 'yVTxEIgQYInJhkaVDTGKHsLqDErzPvLCZmenkprarwWCzMkcxXOenihEUSMGNUjpLIhBCLoEajunvSenXEmhnbasldaBJivmxJPstUHdabuqSjJGzzfvFpkiKBKBbClA', 112206, 966295, '1995-07-01 17:16:55');
INSERT INTO message VALUES (929320, 569466, 'CJPwnzNeCPkSUWkbBFhzVdJhiSofvOrRmPDFFQtmVEjJscIwYykNeQtgYrvBPqswJXatUWSStyAQAFgtYiwkbNtOtXVEECdSoboljnkcqySjKRxVjiDVdlFFZFbXYcRmPmDpHDqVUOCjbZdLEMm', 760018, 130812, '1985-11-10 01:57:46');
INSERT INTO message VALUES (479082, 883839, 'ktwNTpTxTxqEyJAEyrgCKiAPOCVchqVDvAtVIBDkrfprfqsypLCVbNtfUnqOoRShbrMEOSbVrGHaFiIrHcmIHmMiqTZGZlbHKpqkNSKrYPYhzDDxNFUqqxMhkqgnQvuczipoOiSlMyKxgZSKvQhGxtESqAKXjdspnKwSgWaEdWPX', 653642, 966295, '1984-02-23 02:09:53');
INSERT INTO message VALUES (150602, 384770, 'oYJPfgjvxRKcgVxhwqaixtnMPZSoktVnsXSZwyMFxanftnZzawUudlOKMpsFKtuoIcbTarFAckHsjPyYeJvq', 883839, 74567, '2019-02-06 06:30:45');
INSERT INTO message VALUES (655347, 841207, 'ceyVZXlusCBXeDaFLiAYWSpkwqftwGWgkNtjtsQxJyrihqECgbrUQkKNGcnJLRrnBtPkjGMDcQTmvzWDEttBFXWZBiPdAaMA', 990908, 74567, '1983-11-11 14:19:44');
INSERT INTO message VALUES (943278, 228651, 'PYQMIwDYuhQERHoPXLoPELjVSSrGAIvHOGLQvoPqTCwadCuGahhfHVVRtuxWjwuqtZE', 466704, 540537, '2003-01-31 16:43:52');
INSERT INTO message VALUES (301503, 824059, 'XmgJLfLmGBREtuSfvldYFujcAzWaMfCcQanExiKAIgWtCTsrBYvNpVuPFuyCsSGJtBrhkNKpqlfNHWzdQnCHwFROBZOIxYFKOESolLwcheHVumfUHWESyvk', 957276, 406217, '2003-10-03 21:04:11');
INSERT INTO message VALUES (30620, 470185, 'qVsHUzAXytpiupoeOtYkTvQDabJfVWZcMfTAoQUvWOiQkKUbfkrthsVBmQynxRDfodyQKTVTFkjTrcOqaapYtdYXFzUlvGagPuXSAAkKmcnWyDXZQMhFSd', 84605, 74567, '1957-02-12 11:10:53');
INSERT INTO message VALUES (278089, 39645, 'FZeUxYZmYRBDyWHeXWrFWQM', 822792, 406217, '1955-10-13 08:18:31');
INSERT INTO message VALUES (85780, 674906, 'mvEXQWMQUVnvlEvMKBfIjZqAzmwnrIxsRmDuPahjKVPymgjQsUQAujmGbAUuOWnsVpgIPywkVxJGb', 829266, 130812, '1987-03-06 05:57:27');
INSERT INTO message VALUES (885127, 555041, 'RFUzbTKzYSldPUmcIAOoZgkApWwqoKRpByJfUUHJFmmfWtLEjQITWDKmzftbVgLCqdZqjLjBbRfQqpashdrEGYVYRWAfjzMafDuZJIoZZNMAjNQqYvMMBvjStKFQSjChSvbwBALKGtCVNfLtLGap', 854546, 625382, '2008-02-17 12:25:03');
INSERT INTO message VALUES (723411, 148512, 'WefFitjAxWsUKMuCwaKvIUGVUVWRdJBwMaSUqEUteAuocnAVpXsUrDjQsIFnPjKfQZplKuhasXIgPtBYaGghPCJxyqZqRLCIKqnNCfTtIcshKupLXZWDmofwn', 12334, 546880, '2002-11-21 10:07:11');
INSERT INTO message VALUES (517002, 112206, 'KRoVnYLVlSxTmIjnaEUstGQIpsyINSvPdVUCxuCQBEoLlLCljAAMSaZkQMpoheFNdjKDYThThOfbmFQUoDbCObynSmhkaYsoHPflyIqGHFxrQeWQpuIBRIlyrXsByzGPqPTtMwRbIsbHvIHTYXkMprYQQjjwwEXmBwNZribddEUdderGZKIeR', 674906, 74567, '1983-05-30 07:29:59');
INSERT INTO message VALUES (32603, 466704, 'ibvjdbWkZeBCBDJHCPUjcihEBRpUiEIooCFCnWNDAPlQWMHkvIKufnyqrMksxOBifRkwOREDdFAMRxtfPSOFrLyUMAStELGVkMItURuGpTlWNPFZXrIJWqhyxYWUzzQuEApyGiVGorljcCJAAuBvzhZooPFZBMdn', 841207, 625382, '2001-06-14 21:11:33');
INSERT INTO message VALUES (220651, 694667, 'AqJQkbgeszhOTbOBEdrxmbntYEbTuyxpbpYLOxhCksvDmLrQfvZohWTojsDcAJpKjbCQp', 619718, 130812, '1996-04-04 17:02:42');
INSERT INTO message VALUES (97327, 91012, 'yPTtlXxtzjHUtoGpypNoVtlwTxRNgMryfvKtGSkqyGHXJcvNnbngTDWhLDwYtXMVVysosYpbKxaMJiroLHgKdHahXWkFMdeelFyMTjdOajUyFGXIwhFVIwjnScwStbpiMwyZmHwyVtbzenkSAuPxAazFREtGxvtMKEtcYVadZyJgMWeLHKIUDbxHFMvZ', 854546, 625382, '1956-05-22 08:32:13');
INSERT INTO message VALUES (890868, 374824, 'ZJJWzYWQsUS', 434027, 130812, '1953-11-02 18:42:13');
INSERT INTO message VALUES (818783, 326896, 'zittENtkDzsqZarLgEKUGVYxZURtwOqtbRbEIrrtCsMyYmMmTdsYhbpGUBCKXuKIiSukzlKKSotwqdnLNPEtlJQOisRAOKIdtzktpATJNIitjqHQldSeavlqtUAwvUbnMndlmrncinjIk', 295053, 406217, '1982-09-01 10:11:02');
INSERT INTO message VALUES (531712, 91664, 'WOIFUpdHoitABIoObTQSWoDQImSIpegnQYtRnHhAGgMlmebqTnYhnZHWKuGshmndpLqbPyBhqiGhntelNGyGTwQplSEWWpFMSTCMNmNKclzCVptZcIhvYhJpUcMddqjVwOMAtQXaiXUPLTeuHuGgewOzPCz', 694667, 345688, '1951-01-04 07:17:35');
INSERT INTO message VALUES (337370, 91664, 'nmhUhlyEek', 694667, 302430, '2011-04-28 23:49:15');
INSERT INTO message VALUES (333534, 177401, 'ZlRIaGLgFKoBcePkrwHuqHAMaQRONJbjFtfDtvcqWarWPBcOoHyeheAfMflZwfjrsAnJFgPreYdYWYhlFJKtTzJxkMfxUuUJwTyLUiDaCoA', 260047, 540537, '2004-02-16 11:20:10');
INSERT INTO message VALUES (226647, 619718, 'OLSoGJlOBzSKGjFMuaLEVcHSoazoDtQmZaogpZSaWfBEnciIEjsXNrpbKnkjTmxJGcDaYckHfBIpqVwtjcXyWbgKFtOzNKTWcGKHzpDNDeWctxGpzTojLgTPxPuVogbwCpFOfbuKLRMoOaegINDlNriYcMMndXyRXkcUUbgUlh', 384, 406217, '1989-05-27 17:08:10');
INSERT INTO message VALUES (602474, 141521, 'aRZLZytuRZSQoTiFyOCjUEIsWkXmKOZrblbRfvxbSPhUDqYoAerYCnXqGwEhUCbyiAfqVbODgAXvFqWJzSPHLRQQDhIyu', 699815, 302430, '1969-05-06 20:45:14');
INSERT INTO message VALUES (524314, 12334, 'zZuHpMjnyTraCguhYwmNJJSyloJNak', 445076, 540537, '2020-04-20 00:22:54');
INSERT INTO message VALUES (672053, 857184, 'TdqMJaoirctYTnxXIxSVAxJeZGtweVQRzmFIxJQcKBaritCMdldqqyzEJFkTTqzFPwdvZZwmatumsqsvATATnYLtnBbzShWRZtxDSWQIDFHGluPDiiYmIC', 67226, 966295, '2019-11-14 22:21:50');
INSERT INTO message VALUES (538437, 580304, 'ISOsMAVC', 91664, 302430, '1955-03-30 12:32:21');
INSERT INTO message VALUES (474766, 228651, 'waKRgjdvmFUORgEqVFUfWJiKuGHkAlaaVcVoyNljzqdvcqVEU', 138852, 130812, '2008-12-27 22:35:23');
INSERT INTO message VALUES (964485, 888390, 'HfExGWmaROQjbqRTfCpWGajaqvwMAYIdiXaPeeVozFrBvYIsnEXtGBBgHURBgIUPdwfHhGGxzvdZlbIbtpmbeGXrqWpzjoyNSsLY', 12334, 546880, '2021-01-09 21:12:55');
INSERT INTO message VALUES (48637, 982997, 'FPMLzaFpgRGDqTShgRJSSorhLrifhTaQwjAVhfvssyhgEc', 674906, 345688, '1952-05-20 13:58:28');
INSERT INTO message VALUES (32350, 470185, 'BxgTEvtZWbFPXVqHskZxiqxGnvILgKjAEZjeWVgwtZYYA', 495267, 345688, '2008-08-28 09:53:09');
INSERT INTO message VALUES (898488, 790310, 'BsUJEvggMCFMadYVCzODlJZHKKKslnJEmNshGzGFiIFUzynUotCXlRDOUeLEEyDORCUlDzLbTLPFyVndBfFWeuBXIcYGEAnJKXGJkQJnEpexEDHIcuuKqRUYUxtaYLIKLiUMIKmeFbwWlCEhooqshFlGEQAPBkWbBAypJVpwMKCHyxhk', 27982, 540537, '1964-07-09 09:29:45');
INSERT INTO message VALUES (351510, 888978, 'TXQfrjFSJhGgtoxHofDziGyhlCinOIKCLbrOuHRdCyXuUtrMDQpxQChwcuxyCJUSqlFYYagGpqgEaVhKmYVmvSSZmpfYGBfAdmAkNdROgvRLItbFsJeTlaovGhUdWjzZAQuxkxXsQseUKyl', 381530, 625382, '2012-07-29 14:14:53');
INSERT INTO message VALUES (455872, 478640, 'ByAPuKptyagUBizKiZnFWoMPYKkKBnMGTTaxDjFaCrxeLBseWhhkYmyApTmaEZyjcjfbQyFxQvBxNgRphiFXEjBXLBBCioARvBCAULXHhXkgnScNVsrpLigkSNyVItGQfmpJOWEPlJJaetUxpiBxGzGQPzckrrDBsF', 563935, 130812, '1961-04-05 20:12:03');
INSERT INTO message VALUES (295676, 91012, 'XnEQnjTZizHJQfpDheoUSh', 260047, 130812, '1974-03-07 08:30:26');
INSERT INTO message VALUES (848110, 310990, 'gfHSuiYeqYgMlmCxbZtbSUVYdmUuFMXGPEnoXmrZYSNpuTRHNuoPgFYDAaVOkqRpo', 125322, 406217, '2010-06-10 16:35:22');
INSERT INTO message VALUES (587070, 116448, 'XwaaPVhNAkjxlgAJaYhSsgYSlVGPeCuosfiehEAvETkpnOlWDXqhQFMEVJjRiDpboKgSxmmqzfypanELsiLKNfaEegqYkhzLTJmJyDLArnYfCiYkspquaoDULuYWkgnnzpAvxwAuGKlpQzZzmywMzyQ', 108828, 966295, '1951-08-23 13:01:16');
INSERT INTO message VALUES (181919, 632380, 'kRiPjDvlfSqRQqsuAIpBLQcBPBBEjpfQMUPGyTrRlfGntVFFShOKtUxWYxuvMhVVPCAzkKeMUSPRQJSgPUWxTzNtfKbybqSqZhwbpVhKLOPnWzzqTzmhrDdKTcnhvdfsZbPpYcZLO', 883839, 130812, '1965-05-07 18:29:04');
INSERT INTO message VALUES (80953, 599738, 'xHoiIWuCLXDQVsHdPYgnRMJpdEgIzEPPiU', 508794, 270020, '2010-10-21 18:10:40');
INSERT INTO message VALUES (865694, 733240, 'lYiyqOvXsiWqGnQZmUdEuCBqAxb', 851303, 345688, '1970-05-13 14:54:58');
INSERT INTO message VALUES (47205, 252846, 'HGbcwplCPUymhaJVpKjyOEIgvoDCfinhYRnGHEBXsrhdNzmHuUAigDkAxHBZEECxWYopJYViLpjuRDcQlNbUNvbOyubvBovM', 599738, 130812, '1967-12-16 01:05:55');
INSERT INTO message VALUES (851998, 470185, 'jMVccIJVnbbneYujKKZXycvMEZeZYYuWwFKYNdzjRUthxWn', 434027, 130812, '1972-12-16 16:57:38');
INSERT INTO message VALUES (731153, 423458, 'UdckBEbjNhqwSmPmJMSMYdGMizHQFVIhKJYakGmkykVrkaJlAAodHzIQmjydYUbLhRkRsWHvtPxJTHJCgGTFqEzYlEhNbelUIGzTdZJGZSjkbFOSIJbviwSYtThCjMVOHbnYMDWaAebM', 824454, 74567, '1989-03-31 23:55:06');
INSERT INTO message VALUES (631427, 445076, 'rvGdSbrCUDizEwPKGzoMbskkuaDvrppOhhCoMEHZmhcGqNLfPOuKYIPCPoXbltPhjuCephLHkdyjkQJbhCzVPQtigypkAJduoQPYKhJVBNCCmATmqluoRCGUdjZvtqxEKYQrfARysbSsiT', 824059, 406217, '2019-04-26 12:21:32');
INSERT INTO message VALUES (843613, 505733, 'TcdelcvBuLDRSyZHIaAhGerIvOgfyjObpUuujMEsJlwFgnLmIhkJPztExwLtiwrjbhcduRBQchgzKfnXDXx', 543724, 270020, '1957-09-14 05:33:45');
INSERT INTO message VALUES (444475, 851303, 'ZdDcHpsDpbKmililrOrPNZrQzUUUhOwGPCb', 731623, 74567, '2004-04-13 16:56:49');
INSERT INTO message VALUES (96089, 308436, 'qCwkZHKcDEyDQumCaGbBBXurUcascmgwZgQCNglWxfhWFibSQxCUkEWjMcSwMhUqfjYyLIBPJXovGMjImtyroanEqmZBILQXEZNwKYHxhZEAFivCowlHXYVCfmMPyIFRsvLttRDViQBTJPbMjbYdPxccFcTthtMbUbqhmICKKwYg', 300559, 406217, '2018-07-02 15:36:38');
INSERT INTO message VALUES (924515, 841207, 'avmHelsSoAYystsovry', 148512, 966295, '1962-11-14 04:58:16');
INSERT INTO message VALUES (969567, 194085, 'xaAANQNNQjTOybmnkwWvwWTDxqxzsSIYObCEVrgdFdDKbAqvTlkUvcCFRvMKycXKkXOORlDnYyXcDHzHDCWvBHczpoBDCHSzWommambEjLYFKrNRAHnCLuHrmfvXMkznuxOoyJrXmtKpJAl', 653642, 74567, '1977-02-25 08:51:35');
INSERT INTO message VALUES (580527, 888978, 'ETTXTuFOGOWRcJxJrNBOoAANEcgQHfGeWbfUFIIwpQkSfUgjcXIhroRyyvxIHslWqZKsukfXbmZxSpdIjSDxeWo', 171745, 625382, '1952-07-13 08:43:34');
INSERT INTO message VALUES (207225, 635697, 'YmKvOABCeaicNxhGzMSGobwYOzvSzrJpPxVyAOOdpFzXXUwYtxmIJEalbokKIvfCHfLJifdftMgCjRiWnNsIuysNDzsBHrDiBdKzCKXYFgOfsUCqPdsyvuJZPbrCCwbjtBSvdunIxPoiakTWmYgetpShfRRAwgTyPewaziZiiuhoUhiLYVFlXBbhEFdCGPiHinTYziE', 381530, 625382, '1963-11-26 12:46:30');
INSERT INTO message VALUES (247876, 598742, 'TqQNlviNMKfGuyrMcvgjFyEjHeEjyXRRWMMFYYbtloPEOftOzT', 260047, 546880, '2001-11-04 18:16:56');
INSERT INTO message VALUES (575886, 957276, 'uAksBNVL', 599738, 302430, '1951-01-09 01:06:47');
INSERT INTO message VALUES (877329, 731623, 'OmKzyJrrasTRsiUWIrsWJfpOjEgiVowAfXPehXedyQzFZhQFPHrVvHBAPHurpjiqoyMySseoPMBkYLIvQezTgHhTNuSKcQnLfcJwdzwcLHJDBUjNGePpuinCeIHQtUzMsaebjLOyqFaWJh', 384, 302430, '1957-06-14 20:07:25');
INSERT INTO message VALUES (919747, 731623, 'yTKTMsqZkUTMsLnYI', 733240, 625382, '1960-07-21 05:11:15');
INSERT INTO message VALUES (842840, 888978, 'xgcChLyvVpNnnfAzYWXzwUQsiVnvYidTpTejVFSvUmEySgFn', 252846, 345688, '2016-03-30 03:47:20');
INSERT INTO message VALUES (332701, 125322, 'iEwMygVMudJlpCIKAjulXXNKhbx', 177401, 302430, '1956-12-07 02:10:04');
INSERT INTO message VALUES (617640, 505537, 'owXKAunKzMuqcMbatgoGqaGrllcksyXDeKEWdJZHYDZMhy', 171745, 302430, '2003-05-12 17:51:57');
INSERT INTO message VALUES (479497, 619718, 'uAtpZeUxqoRlOGfUQXvkniUmjmpUXMgtUpztyrSUeNiHotKiEYFTyFS', 384770, 540537, '1955-08-17 08:08:32');
INSERT INTO message VALUES (824563, 505733, 'euTFoXDGmEEeTChhnjOWfUbtoLPaULufHZGNEfEYNkGrHxKohChFaroIjhonKqIXLgrvzhdOOmDHgTNoWmFeBTWYIBeETDUkUxLxDFCYrYVxfIcmjQylwsHKloRuMAgzpBebxvHQoOlPrizcG', 423458, 540537, '1959-02-25 04:18:39');
INSERT INTO message VALUES (751982, 505733, 'XIkCkkaADYMMvKEUAhVmtCKUpmikFbMItWnWkiaOQhPDtVp', 384770, 540537, '1979-10-10 04:40:51');
INSERT INTO message VALUES (573096, 888978, 'ihrnbDnVlCuTgWkRiehkORBVzhyeflvVGVBhGjyTsNhAuwvzXcQyFYoVTvKagjTJNAbSDQiP', 139565, 130812, '2018-12-23 09:14:59');
INSERT INTO message VALUES (731498, 139565, 'tnQwBctcEADZchrvzZGSthIwApZijXwh', 841207, 540537, '2010-03-07 06:25:19');
INSERT INTO message VALUES (919631, 194085, 'TqNGOwmwKQVHYRfaMhopXeRSToFzNoQbViTZnUOdKOLvRFVLuHDoBpsfPXuLRZVZQYHRZQfzUQgnemCnbBXSYPFvTwxHZfxWkMHnwbnYyoBuvgJSLiNWtTXv', 177401, 130812, '1959-08-10 08:31:25');
INSERT INTO message VALUES (260133, 300559, 'HhepSLiIUAZXQTMuAWhEwcAHQjpicebDJYiMNPXRiVvBAS', 178839, 540537, '2009-10-25 07:07:25');
INSERT INTO message VALUES (475185, 435525, 'ypTJURuZbGsrFAqnLSmSkijsTLyRIIkyIfLmGrWSarZAHqJiskggQFmhdKPFoeEeHzIzwRdCohIPSGENbxlyiutMNWNmPjkuZDPyG', 368782, 540537, '1996-08-06 02:09:24');
INSERT INTO message VALUES (260531, 888978, 'VguIgyGLgZLqlwdYTIvLFYsxHISVEQVehuzRZaUNjbHTgjHIOUMxkXvDOvEXaGUZpTGcyBZXCdYPG', 824454, 74567, '1997-08-29 02:13:30');
INSERT INTO message VALUES (892114, 694667, 'OzjUcspIVURyUjUqtvAKcRfgUezVmimEgoMangSjRYIVcHznhfqFCjsFVAjs', 27982, 406217, '2021-02-17 11:41:25');
INSERT INTO message VALUES (221376, 384, 'fmxfapesWFMPnoHqjAikDtgwjicDDWftevGHhkGnhVOzuhXPqfULFOkujInsIDbWthNIvDgPjfCxuNxPiUhkVCogyHQqWlpqZXvfZxBQznPSGAODRjoPqyuNthnwNnVFDxfMUK', 178839, 270020, '1956-09-25 13:38:25');
INSERT INTO message VALUES (326017, 260047, 'iaVnSmlZEETjhpKWIHvKWILykLIMyQasWcDdaGkGzlPWdTnUhDHuqwkGrZFZDtBGLcPzfttFJWIuSIgPbccLoaMWSCWqZeqUMxzXEOPcpJE', 277412, 625382, '1967-12-14 08:58:29');
INSERT INTO message VALUES (880658, 478640, 'JUCWapgaqKkLkgTkaKrlwMudKYfWqkZPVgojQdBFjOAYsWHxuDafqraKDzUwiuesVBaVqbQdaZIkRBHOPuep', 563935, 625382, '1960-08-16 20:02:37');
INSERT INTO message VALUES (45546, 841207, 'wCVcYnfFiweQiTyCFKUlFoEPAUcTaNeXJyALHRvnjBGIYYTBnKPFdMnaGjgIWPxQRWAvZeQuUjviBocfjQxDnjGmPEUYgMDOOdLCFgJFet', 829266, 966295, '1950-10-28 11:42:31');
INSERT INTO message VALUES (203751, 154798, 'FZQufNQQddFxozbJixSlBeZCkdDeutIdcNHGujqefVTgAqEeoydfcwOJejeInXBgIehVQMCXJWBFWMpHWAfbWasStghnVEpfhuYyaCRkHPqkyDDPkpUqqRNfBLKgQaEXaIQBuZEYwFxLeeipOejxGtMUW', 790310, 406217, '1966-10-16 07:52:35');
INSERT INTO message VALUES (984862, 854543, 'IfaqsxtDJXNNfcoIKykQVYwaWfrEqJEqnqvWPsOQldFkQYXqhlyUUTzcttkoeSzlJDTNLjzsVppBVXKciMSzdMdOYVbKCzInSgCCpxripinEyLBupHMmLloSwXFRXZVnaaAATjSVPnbKbPWlcEXkswDYDAZnhyhMAlPSQGWbUcWpHInEsvXEWCgfrXsJvANQaMjR', 154798, 625382, '1974-01-17 14:59:20');
INSERT INTO message VALUES (966569, 699815, 'bcxWmNsHUHNwqejfLdLFDeHIjYDZPzZZdtNpejpNPJDxfKEJdMmEsVNHwpXiUMyGzkNBnpDBWcaxkqgwoCgBbDfrJSrYSZhqNBrnNgqfjfVpNXKSHZMgdovitgXytCfEvkNdYoMKBhTiU', 125322, 74567, '1964-10-05 01:53:31');
INSERT INTO message VALUES (472588, 116448, 'vSNmPVqpKdcsVRXjwftSDHflqctWZExBbBlpgAKGNfwlSUBQvRwWvCqhQOI', 599738, 406217, '1980-09-30 03:31:34');
INSERT INTO message VALUES (158631, 888978, 'zigdlqsVtKFqfYJyKDFPpkoDyaczbuxKXaeymIxYQLcMvLLodyrainUzxcsRCgohrOHidzvmtCplvssopqdwmNmJmgqSwGvahscknGwkvomhL', 192245, 546880, '2005-12-11 05:27:23');
INSERT INTO message VALUES (738407, 67226, 'zkYkIxsXJtErDBeEkTBZXlxkituVBniuDkqmWzXrSJuWxNrBmQgugWMfCtxPnESTTGIljZgfiOlOTbVWXFIuwszOgyuGTzJFgGiEdKJruImrMRrLWvsMMHQgemsuJQzQsSKVbYGDbeWOnbtZouQh', 107456, 345688, '1995-09-15 09:07:27');
INSERT INTO message VALUES (206308, 599738, 'gLUflovZLUzNcknfcbVfurUppkzsQlIwMZcSnUQTdqnkFxyVcEizSXKhFWBTVEWODTzlxMQfECjilojAgHbjcFxYKnJLoQPnWKQenJYQwjsMvXKjnfXkVUaIfClEUegfxJRQu', 138852, 345688, '2000-11-11 22:24:03');
INSERT INTO message VALUES (555805, 107456, 'sssSrQudUNGZbGzmJdDFPmPHGRHmnQQZhKHqBzSnpUFANbhNvoumwjPhvZxZLKQvcUjGfaWLYYiUfLvdHsSFINZcFvFhpkjFdUIFEumRWWHgPnwmQEHyPoFrvPfrtKmfBichDlTynooDfvhBcOGklJwhkJniTrSltxofQdkIjKgLLYyzorPP', 277412, 625382, '2013-03-07 20:26:18');
INSERT INTO message VALUES (240947, 91664, 'LCWJywsJrSCMfGHfyOEFHBQAvPKuVbuDDeCktQkOIwWyepYXQDJgywnygevAReIWqIIJqCKkTckcuxbXrPbOUqoKTGGGYhiJfRrZUAqKyejkfAgNSxXBLmPiup', 653642, 270020, '2021-02-10 19:48:33');
INSERT INTO message VALUES (669125, 384770, 'AoxcxKexPPhvEqzgvFSwXXMqVokfdnOXgJAbyeZJaZnxavevwysOZFvulbOQZOjlPDhOLBLMmcumVnXjbytrDCRxQOeIIaBPlPj', 824059, 540537, '1979-01-15 02:59:50');
INSERT INTO message VALUES (975601, 790310, 'edxzZkNkmFEwKxyrdhFwldDhqxCrUtUlowXHLTturjk', 829266, 406217, '1970-04-11 13:11:14');
INSERT INTO message VALUES (577667, 960726, 'joldsBgtWEmRNxeuwtZOFwmfQlsfabqirONJbZrbGgYIPcgGMIrraXFnJNIxTuLhKavLYVZtIixtQYrqVEyVAtepKpsBYKrWPXbSDOQMKHNHVuCmYYghOeyWSooccJLWvuOIoqOysqjLdbmzLcYDYN', 295053, 406217, '1960-05-30 23:36:46');
INSERT INTO message VALUES (577719, 104112, 'nkPLantqvdFjTAYaCscFHIiYSivNhwpnljzHUeeQKRQuZyRFOORCxHedYyryEBshAmTQTGdhdOSAUQTUAOljJBtHwDCIUDHChXnwDxlxVDBaSbcwpSfKxgKgAUsqUwrmZshFTFmysFWznvmAqKGhFprhYHHYLMOLaqE', 148512, 130812, '2016-10-25 02:16:58');
INSERT INTO message VALUES (73702, 731623, 'TnvrHCmrvmKfCgZyltymtAOPXBRoUBuXndAimwkDLZUxEdzOnSWitJvOzyoPRzdAQHchEssGvLAodxCsqHCZxTueRnDqJTUGzKWkKyHDvYGFJnODpkXmqoOlcsxllCusIldObAYJI', 84605, 966295, '2001-05-07 12:12:55');
INSERT INTO message VALUES (728146, 888390, 'JCXansRnQHFTTePcFitrpfOsyXTTSvBNvxcqPNKUNkZaKybPBxxobmYbY', 192245, 270020, '1964-03-29 03:37:00');
INSERT INTO message VALUES (242887, 367933, 'PqQVCCSWYRFBPKpfdfhONJisyPCrVkXKHeTQnYcHWCAsyghkWOshDuyeAWhLeQLkefQFqKDenGFfMyGPaQaEXFDAwDhbmhdpEYTVcdELtbcSXSvlNsHLJXtkyQQYhKzYLIzJPqjShoQTes', 857184, 540537, '2007-08-02 17:54:20');
INSERT INTO message VALUES (405697, 125322, 'uRiLtXmRenKocfgBgPkICYStIDAZkBVBhXXrWGDigWrscJlXTuIfqVnZVsgCCYIDwKhKWUHKIUSvosVNgoWAGCtciSEDuPjfTVTUZIygxhqPeKFPcFPbCXVlWqUsQJUEXiLIRFTrmGYwXkbErmFwDUPeUETuompfTNpfH', 219208, 74567, '1970-01-31 07:12:31');
INSERT INTO message VALUES (967333, 960726, 'sDMTAEPMBKPMxjiFjDCKMQKqkYEvRsAnPAatZguqyjRAIGFyoviAHlXFSMwuApvjyFEhTnJQTlXNKLddHeFIlcOvekPMOXWqAhoDrOnmwkdHfrQuANPCzXIOYCCapmaMsqsNjqZSZItvKVBetkELiVTqqPdtzepXGYSWEnDdzXWLQ', 982997, 540537, '2017-09-16 00:19:04');
INSERT INTO message VALUES (670, 694667, 'aVOGjzGqeUliqZdDHnGXrWbNQPNlIdaPMnUsqtPrRJAcIvaRSERwkmALHtSOAErVLealEZzanshpcVpTeEEOcULkzXnyQHlcGUs', 104112, 130812, '1984-06-02 00:09:47');
INSERT INTO message VALUES (391647, 252846, 'UoZaNsQWscLNeLa', 883839, 540537, '2015-06-06 05:32:17');
INSERT INTO message VALUES (865966, 599738, 'jgSjqhoNqEpdfNnwwFiBydtmNPjiaQKGaxrJYPMCcymbpJvXSknyqykufJCkaUusTDdpCqCJYSFECaRuIgsBMedeEqyjkjWJSrHEKqbJyYVLOlEsGugMBHijHtovnGADGHsqFNPDFJtmWkwOoQUyxHjqkeolFIFkmKMRlxiJoFR', 653642, 74567, '1965-02-14 00:56:22');
INSERT INTO message VALUES (662857, 333652, 'huvXZDzcwuEIwJitSgFMASMDESWAeudmcBEcUteMnzkoYtGTOcPkEmUQunfpkdCvYJgpCxkPJmvDAjvrkTHhAfbeHSoI', 381530, 302430, '1968-05-10 13:57:37');
INSERT INTO message VALUES (587903, 260047, 'LrYPCXQJQTvmOcAlwquucWowzyChGNWdssixzwrKAVxOaNwATbLHJGzWdhqaBavawZFpPzSdigIzBnoFfMSFHoZbtOsFPfZgzhCjOPSzIvGPicSJHfcGQhcHYpMNADDXluVfZsIhrzYnBWRjWRsUDxDHkIHBBlikLZHALHBzvetgDOmhqYmJvshZK', 116448, 345688, '2007-01-31 01:19:08');
INSERT INTO message VALUES (760914, 982997, 'KbfvfdZjaCbWraGddsLTerxKLZjLvRftThZUicjgKMhmPPxErtqxgDhXnYpDVBbNkIjmSQqfigKQIpSXBADNbupMwxcXeUvTJvwAXBOwhjWwLSDAgRkBgCBsEwAFImhVwvhEnKIAculrgiVhCNVOcRvT', 252846, 74567, '1986-04-18 01:48:21');
INSERT INTO message VALUES (428382, 48354, 'BaluvIaUWntOQOqefWHoIVNLXucOGuggGmnXJtyXCRbtXUKuVTlFhAwpmqfkmsjKYcDcDiEPxCbAovjVEyLsMmxfgy', 857184, 345688, '2008-02-15 06:13:26');
INSERT INTO message VALUES (13797, 641463, 'xSHIarDVUNYPyupFIQlTSsADnZmfEswuZvdjVHmVVZpUkGDeXqIAYOlSEwvokJXhyDQINKesFpJVeLkOhhRyHHDRPGNa', 333652, 546880, '1980-03-07 11:18:27');
INSERT INTO message VALUES (942199, 599738, 'ORujRjeYmLAmvguvimufOfYjmzboSdHASpVbmzYKyaeFRRbNxVGsEZRfjGDPJUNJolMsDGxRkCQqyUfJLNPSrBwlFyKgfwpMrbxzsEabxQoNGfjAgEhYEdZUXncuzOiRAGNNsRfspzzzdRPzhJpIluxtmxqnWJqY', 178839, 130812, '1973-03-07 22:35:49');
INSERT INTO message VALUES (771339, 423458, 'QgNcgsScJClrxdujVsPCNshcYEBpnwPwapaHQBCRvLSpfVYfJxiEmJrIpdRPxgpyXSANSBAfrYjoSyLknIEotUzYFEguCdAjMKqBDTzOEZwddjfJGkko', 674906, 625382, '2012-12-14 01:14:36');
INSERT INTO message VALUES (293041, 640605, 'VJmcKHIhmmpYNfurLs', 107456, 546880, '1988-06-07 04:29:49');
INSERT INTO message VALUES (475054, 384770, 'QKJPWTognkZ', 971657, 406217, '1995-12-09 16:35:49');
INSERT INTO message VALUES (809154, 91012, 'hbQbfKuaxAlLrHGTHxuQiuJqsiJIffaaEbILyfNiGDmuotDTjWBsByYBBQxNucXLAIqfPknyfxdkbczCKnCjTsLrzHYhvGtuZMILPxajkixMyqRrJoFOgaoMpSdtTukKmlkThPIMGkPXWMUXfIMjBmmWzvqWJfdNkInCLLu', 505537, 130812, '1972-07-24 14:12:13');
INSERT INTO message VALUES (977432, 727501, 'kuIaeEqyOziWaTXACirbqFgBYUgdxEIesRdCATctpcKtI', 851303, 130812, '2011-10-07 18:24:57');
INSERT INTO message VALUES (465443, 957276, 'bCLowSfZzvoPIkADHkEUYIBbIMrYuyUtumNfsZYAGzfKGxBmJbFijdhFQGExuPltHmGKrazRuXmifqvQzGllAEtOTdGnoJheOFjvmrsqOJEbpuClBQjgMOcLIPDLlBNJEUUCncGdQSpTmQvrMHtaKwheiMHfJaPbgmpWRQAFdmyXDQGYrdixdpbpfwxEqQUwk', 48354, 966295, '1986-05-06 16:40:51');
INSERT INTO message VALUES (685027, 192245, 'YFXrmLYsYvgYEMATDKbuqoZGqt', 888390, 130812, '1956-02-13 11:47:52');
INSERT INTO message VALUES (238454, 964138, 'bbzSkgCphLDpOFIuZsMqJyqyHwvXnlTDUtwqjiMjkIdgxDYvkpFBWUoUhwWVPKxbOdDlwsudTeRpBQpCjEVfKoxUHyLqGEJUgIdBDaYIuMQXPRqPvpBblbmU', 435525, 406217, '1993-01-01 13:57:10');
INSERT INTO message VALUES (404355, 829266, 'BfcGvOZtkXefDEnnOUDKvLHMnvTWaryZkKdORiqqPhGqjpJggnIPNHQAmTPbUvjMvbAUheguhSlPnjAYMifb', 154798, 406217, '2020-02-01 18:12:54');
INSERT INTO message VALUES (138083, 824454, 'VCpbMYSJlQJlPOwHezRZcmwJbAEKHQzwLjskfIVSEMIZDkwEcTGQnxzgTOhLXSomGcFMaaKHZnCsTAvUNmpGzHgPlstNXGAjGOSNIzonnlaxqYVAz', 883839, 270020, '2000-09-27 21:14:03');
INSERT INTO message VALUES (612203, 883839, 'HehjtYnlkVOzRXsHUKHyscDmNPCfRSiwiQFmeWCLFMViVLdGqdleokXBVYRhAeEjLYdFmTmQqGpgtmXQBhnAxTJ', 964138, 345688, '1960-06-13 17:51:34');
INSERT INTO message VALUES (893129, 982997, 'hlCgmMXgjPjYcXEMDjzLPFvmflSOIKKBfpYCFZEPxeNrAaZtXtqpOjuZiDGjEzXLWkuTnESSElFEbGpQnzjGfWjkElqbREPWxHTgUvfSNZWLjkbbedrAUJSVfDNyOGvfRKtNGSLhtMqiJRKVbCehUUwdmiwkRBTJcRGPvcJmqxuNAFLAaDcxrNVPGzu', 971657, 546880, '1950-06-24 02:29:29');
INSERT INTO message VALUES (311586, 971657, 'IlSQyVQPCf', 91012, 625382, '1989-07-21 12:59:40');
INSERT INTO message VALUES (704255, 733240, 'RLgBNbayAFNcCnmOychKldFkEGamTjVOivmUpvPVpQyLjoqmiuQsVzTQFIzuqcGesRNZdxJhQjZUiOEPgCpsBcZoQSSigjTguHYImrfAMXmOontWoFUhzxEFlhgqWBdwSqbDBziQtIbwnnKcFBpOHZXuPAtWaMAKeoxnjvDzFcGCNcSijVCiIKDzFwuRtiQHSPwPL', 990908, 74567, '1954-03-24 22:58:44');
INSERT INTO message VALUES (904595, 48354, 'DyrljlWEJFLowlfQHkBiAbnizgiyBxLVtfWxTlWRtcQJWfKfQlnWbmdSPejhlMkjDk', 192245, 302430, '1953-11-22 09:23:26');
INSERT INTO message VALUES (775564, 563935, 'zSfjmwBrTaMzijeCbmrEOKIEgXmTETpenyHuPQQoGjFtGoeHSFuSNsbCbNRIzITeqqsAjLUEHGZrhMtZgyyritZNwD', 139565, 625382, '1965-10-14 09:10:15');
INSERT INTO message VALUES (249656, 731623, 'YPMUrpEhAjOcjuTXpPqLessTPQHgzKYnVAbfogeLUStTKNGNaUiSogTOSWuUpAJceRcPqeYKfOrKhYkWPcwyglDpXIeUtuelCyUVdUJNelah', 729835, 74567, '2003-06-09 21:24:52');
INSERT INTO message VALUES (523270, 194085, 'kmMutZoWxfz', 641463, 540537, '2014-04-10 14:11:02');
INSERT INTO message VALUES (510251, 104112, 'zfYJiQTYWNtGyUPVICmrHdCEHoXvEcUjKZiHSLRYrVwnrMPbsDRcjIaDFjZsDFXjbKJToxjppMzBQezvnyNiSsFpuNnhq', 277412, 540537, '2015-09-03 11:40:40');
INSERT INTO message VALUES (406182, 219208, 'ngDkbhnfgesrhznUQmsToTXuHvvRtRdiwJQGzmHWwQgYPlJBiQWuZvVLQkLuKDgbmfHcHBffwnlhDlgmKHWFhYVnzIyklZTImYYxnjMmAwhCFZDnSxEIWFPYdEysCZISqRBevpkICUxpQiiaQvoEnQlxNKAkAmxAOxiQvDvaWDfPiUPTAyxEVYO', 194085, 270020, '2010-04-06 18:12:23');
INSERT INTO message VALUES (692069, 632380, 'UmDvLMEEzfjJgizTpGJycoWTFNcdGfcHgXfiigAmBLqRrmDCMdfqIDttbcbqILnlKDmqNiJLMEqkzApKBXrDWHTniJBYEeWYFkdjuYWKYEHHrVvnzTnSUeXoAXPgvTjwyjgSdDeuOfkrPXMqGdXAyTXNcwewRhkN', 990908, 74567, '1968-02-03 21:01:17');
INSERT INTO message VALUES (131759, 674906, 'IaATOchMnZchZhuVJKTHlNoRcrBAPcruMJFrkxcQPENRkrtQBMMHlWjcxBWrSXxzkGLdZpqdEPUIrutLIkQgLqOpXBAqtSHZKCoUpRYFGDnvroetOqhteeZroFaTjWbVXhCPEGMzMHhFNxqIUWgwFPqxfDRRfBXsRiFBxpjNoqkGDBaleksPUQuB', 790310, 625382, '1971-08-20 09:53:48');
INSERT INTO message VALUES (856212, 731623, 'JCeSxFBqmDGAvZtiwdQXVWPYxdOYDivETWZQmHlzezyioctRLMgWttPAyjCpanHvXuhhQvfAlOYJKwCtaQ', 445076, 130812, '2004-11-28 18:38:33');
INSERT INTO message VALUES (232492, 971657, 'LOpcmGtCcTjZFGOfoUFioOFxwUoWsPIfTXEYiNhUphUsiRGHtFMIhAuUeJJRQp', 138852, 546880, '2006-06-02 13:35:29');
INSERT INTO message VALUES (363372, 478640, 'VRLXgHrzDpJzkGvGNiJpydKCHelwBQlptYhUiWVfavSTfPLVfC', 641463, 966295, '1955-01-31 08:02:05');
INSERT INTO message VALUES (470171, 470185, 'FGwMNQhVIVKQLedfURhBdBYBkpfMPmizOSTYjtKfSlylZvGVlGmkKOLfewZHxuuQJjAberjaJySTQAcoeaAOOOdZhcnNtPYfMgcNgXMIkWcuaSCyiRIcLHzeRSpnDm', 883839, 625382, '1990-04-15 23:33:51');
INSERT INTO message VALUES (165752, 854546, 'OVLUHVRRjCVPThuctdZRWHzyHPytRutuMXrTmOQcXRowcUIbknJCAVESbQIwYbfevbqsPsUvEqbSKKuofSBQYlQiUIEXRYOaMvdCkAiJmMbZYzCKrfMcjcNgyjlzCfyVXJPyMSPjUpVFEawZosMIvWLTcniuWPwyhzCUYEUGKjVTzcVLTVHSBdWogBqvkaNVg', 228651, 302430, '2008-07-22 09:06:55');
INSERT INTO message VALUES (130370, 138852, 'NTTMkFMhrxXHYEvSHqUUbIhgCiEngzLAgqzksECjPHOxiebHTPDSzRAXCiVDZgukVFgXSMwcUciFhLXaYElMvZsFrqLcMtgl', 960726, 345688, '1993-12-20 18:26:45');
INSERT INTO message VALUES (448153, 760018, 'ydCRfQQqkPseUBSstDCWLFzqZPAjMUKObqNKCKjoXkgBkkSonAprGXVXdGGeikezgbOOScTjUtDKNq', 505537, 74567, '1962-12-26 18:53:51');
INSERT INTO message VALUES (259189, 138852, 'NjMyPprUTKKSCXPVuAjZnLGmvarcAUpdVNJWxyhrGSXbbCNVJjqnnhEBMoWzDtQMzRxzwpwgRNi', 445076, 130812, '1967-02-01 17:08:28');
INSERT INTO message VALUES (945259, 154798, 'wxSeHfsZNKyDomkmcpViELbLHJAtDucMjfhEofqmkCyrXYKLDRyPOAjcPeUbbTpcIHqrlxEQYYdAZToNKMoXvWiptbocFveRHkasQMMucBMUATMDDqx', 508794, 302430, '1954-07-13 01:37:12');
INSERT INTO message VALUES (953713, 67226, 'mqVFIAzEpYkMCLbSZjgEXijzKXiTfcxLBHDEPcppwlmByhugVteqYsMKMAcdOpzssyNRwMPniAQuoiKgTwnKUgIpgLvpGUwliEtgVFwLNrDnnJwUpdsIBkeJePJlhWhIFTnpJP', 311766, 302430, '1995-09-30 19:57:56');
INSERT INTO message VALUES (277790, 960726, 'KjwoWJHswlJlQScEsOiyWASZOioFhJpuTKZvqBQruSlMdimwZvxaFUYNpRfVulHeyMqWs', 508794, 540537, '2004-02-12 03:42:34');
INSERT INTO message VALUES (954103, 960726, 'sjMLwHKcuo', 674906, 345688, '1984-10-07 00:08:30');
INSERT INTO message VALUES (980973, 699815, 'NiXhGgjDCdlbmPBQvnJlampUbUoegNusTfOindwhRhTeBVupSgfPmdozkPQlGzqZuVpNQJOlxftHrnIbtnEAvPkYhEodKDeYpcMIRXCCWIk', 27982, 966295, '1989-06-24 01:50:07');
INSERT INTO message VALUES (340225, 310990, 'rnBzHtUQUpYHIFVSEBdalWmUszwzcuKVHhXhNNocNVMQGBsSXuZFcqtoVVzOqDEGkyzxmdSzHpRAEQZIaWbPybMNfWmttnAujZgozjdvditkAqDdenYAEIhlMFiMgGiLNeMMLgtgwCydWcAevvettlLcsZshpuWYDOpjSCHDTwMtsxspLykOIMLrRGoGLmzxmCGfYklp', 423458, 966295, '1984-11-26 08:43:23');
INSERT INTO message VALUES (469814, 640605, 'dXyBJwpVzOyVqCVQzSPSffkAMSNInbiEaRWXobCbKuLeBJjbxINjIFunKvqELrqkIlstnvDvNqMvZdIRBtiiavtSs', 982997, 345688, '1974-04-19 00:01:47');
INSERT INTO message VALUES (338066, 141521, 'WahRKDGhiVhUOZqOBeOgvTTzywfoXtvNOvPgXXlXFMGTfWDxhVyVDryzOZeemaTlPoFqKuVtgIhryeWVTAaHvNQFgkqGsiKwBcgdoMmQbcSW', 854546, 345688, '1974-01-19 04:58:16');
INSERT INTO message VALUES (802077, 39645, 'XrBcgTUhWeJeryKTphcQbytgAaBIDTpINkeeJhGAePXtVYuJvmwUJYSYwNNNkZixFcyrgxLmIaYIDQLKaGTrCbGFumMDViCBrVQOlxXLDuXAWMyxaFLHcXgVYWoWyKlAwNTBNVpwk', 888978, 270020, '1959-07-21 06:45:51');
INSERT INTO message VALUES (161663, 308436, 'HRDsCjbssIdzzzJRhrHhUjGtBPrHwqBWwUkCCwotjCFWdwIbeSCYIADXfhJrhlRieiTecrFWSMtkeTfzpJZNNXoliMIGSZSGBTjlhIVw', 883839, 540537, '1951-04-23 10:16:28');
INSERT INTO message VALUES (347111, 729835, 'RkuNjSIsdDrJZcOshMlstLiFJgQCkvPanRzGvwGPmyBEYuuVkqmvfZaheulKgjIsPsFCruxAPXcdFzxbUrTQS', 27982, 966295, '2017-07-02 08:14:48');
INSERT INTO message VALUES (789619, 803946, 'fHSoSulZDrubZNoXztbKEqtABtEwdGJolRKobBbjtyMidWFuVEyhttuUJHwxAUTHfImibHtRaSljTxbqUeZWFGBmLHQzRYyUMyXHQe', 653642, 546880, '1994-10-17 08:15:03');
INSERT INTO message VALUES (989957, 822792, 'OruvICwlnRvqapAjyluSObJDWzHUy', 641463, 345688, '1956-10-10 02:40:25');
INSERT INTO message VALUES (247645, 300559, 'xChYjQXnClodeqDboXpoRUCVUNVLQJcDstOstqULDCweNkWISuiOiCasCTFaguGvXMCBBaUGSAJWvbftjgCONZwHypdOvLAxPKHraPlQveHWP', 841207, 345688, '1998-05-09 17:53:25');
INSERT INTO message VALUES (297010, 138852, 'SWvcRlTQlBinsEKCItgMnJGEkPpJEIKyISWSGvVBgJcnZzJXMwJAEaUFXcROPEejlLAHpapzfgpGHIlnrbycBWAqUgNwxwMpLCBCjuqItFrcaxXRfKHAzpErClZnrHkNSwzQKrNJrMVydnJtbsKM', 39645, 130812, '1976-09-21 21:06:42');
INSERT INTO message VALUES (756027, 543724, 'MsNNpSopivlYRRsQfgJktfPrRqazraMZdKpY', 368782, 74567, '1988-09-12 04:25:48');
INSERT INTO message VALUES (926562, 125322, 'rFCEHaTxGGfpXwEKubVbNbHppLMmxZEdOMWTtxhSdqAjPRZtDrRHAUnaiFNrmBIGXjZOCgIHdMmkaftqruXXuikcxiZJcwUvzbfTWCBNsseIYMHONKnZrWNFPLqArBMbSKzueNvdXHkdABDkUENwSqlgEOJUb', 384, 74567, '2000-11-03 09:48:10');
INSERT INTO message VALUES (505890, 563935, 'zZeTLzNzgHLOpXvYXjwNzRiYjsEZRgwZRSzvhdjChdqjpuWylhXYKtAD', 177401, 130812, '1956-05-28 17:55:43');
INSERT INTO message VALUES (111496, 48354, 'hJcXOQkNNkdOhWGrALEkpoeykHwVwgOfgFrHzvkBnCsaiCklOFtYePm', 674906, 546880, '2011-09-27 02:23:15');
INSERT INTO message VALUES (742075, 308436, 'nrnbwqbZiDsQDKLDFBwfVjOgyONRnfciqltsDPRaEFfLQTxJRWToAbPRkySY', 635697, 406217, '2005-03-13 20:39:38');
INSERT INTO message VALUES (856505, 635697, 'eEaVCPuNjJLYlUBvpocyABhhZPKoIbELZglyGzgCTeeysJtcViVHhSCpmzpNALUZAYEVyUtAdFqdFoknbTcGNawYnzLYgKuldAswCmtACsmLYusdkAuRFaOfTSCVUqVmqgyhADTmyKTmlokARfKCzdgHPsGb', 5258, 625382, '1990-10-22 08:04:39');
INSERT INTO message VALUES (928305, 757174, 'RAVyiUtVECHpMDjsZnhqDXEGGyLVFKOdveeKWUMeehmgCpPMgSUmyOPdF', 824059, 625382, '1990-08-11 18:39:23');
INSERT INTO message VALUES (436402, 508794, 'dsGPtsmLoCxDAHHmJwdyIFZhlRBoDdwtfvcCzwrqPcUfgZkDPWJsQIcYspOtXYfRLitAZiEIrvXODVeIJjvAqTJKTLwGFaPjllkExVnaSxGUHKgwvlRhsqBMVjLcIODlwqJwdbSDNliuxaXFEMaZokIXJD', 381530, 74567, '1964-07-19 03:06:22');
INSERT INTO message VALUES (417667, 694667, 'WoAMWCzWccL', 295053, 345688, '1955-08-12 22:41:12');
INSERT INTO message VALUES (309360, 178839, 'TnpMBWKHmhKScbpYUOIpUYjVwhUsuuMVGtbqbrlhZppckkUlwoWWsndSDfkPEyULsMwdQTBI', 91664, 406217, '1992-03-07 03:40:44');
INSERT INTO message VALUES (356300, 841207, 'cILhsSHCRJpYtQfiRVtcCYEoBsyakDGGQVgDiLEfzNBTHDNHdxfBWFBLciPlwWOVlTHndgTwyayQmgaLphZxaTCZnRyRhoYnPlbBXbursqHxAiKAkXbmIUwZLREyDVASdyjnRDQLrGvjoPAPZAXfDyaMdKISVRhsccqOCOYcKxmggpaRrOArFwhbTt', 177401, 130812, '1980-05-20 01:47:51');
INSERT INTO message VALUES (570680, 125322, 'MybylgheanAbPzsmqxJsMPpbErlNFoRKKjgPLBNsfXHfnWUmrDhlYIkCekcgiyghKUplnaqpyCOxUuDfsvlZWRZnMTPmzLvQrxfHLVkGZPpeQMGDNkrwiGObwECOPGnKWPqHTlCPrYOCdYUYqoRPFY', 854546, 302430, '1976-01-25 08:33:05');
INSERT INTO message VALUES (54877, 171745, 'TURAoEhUKEogmHPibhHUZeQKbZFmmTSGOOsQBdLaWoKxwfZdzCowthkEOmGWSlJIww', 178839, 966295, '2018-08-27 23:34:43');
INSERT INTO message VALUES (445699, 381530, 'nuqvLUkaxQiTdmBNOWcnKgobwglSBBPwougj', 326896, 546880, '2021-02-21 22:11:03');
INSERT INTO message VALUES (408783, 116448, 'OhUiNRNdtRdgTCrPYiJGpdctVKHoyCsSOoVbCXPMGgqRVXTzRbXBPccGrObIUIdfbhHDvmnBlRjtHusnkkqgYQEClNkLiQYRHxVWcfvCzEqNiNoqnDXOECcvxinWRbNyYulCiuuJiyZOCTkRSzyosA', 505537, 74567, '1985-07-03 16:05:48');
INSERT INTO message VALUES (14768, 555041, 'FxrlRkmhUSjdTevFIopkDgMrvedGFjNpKqxDSChUc', 368782, 546880, '1962-10-13 01:18:16');
INSERT INTO message VALUES (493622, 982997, 'mymfXibppnhYtlCVqZluvHkweXnbrzfYfUGTupRMmvBOiOUsXhltihUUhvwVSHopJtmOIVvpgAUZhiAuoebFCVinhWuOVYBlvpZQJNUcztxDyUyKFyYutRwNUKpYuuiiabCXtpeTWRAxIpXsDtNcFiOmYUOenHnObkCjRccNlgfMVrXIYqUpaycSWRAvsVgphmVO', 139565, 546880, '2020-05-02 05:46:14');
INSERT INTO message VALUES (130944, 563935, 'ETEIYxcEpozHaTAbtiIYjCOlKscDJSPHhGsxBUcqmBOkKaI', 674906, 406217, '1962-10-12 00:51:50');
INSERT INTO message VALUES (341113, 824059, 'ZrbZxxWUmyCpDFwxNCNxZQuEVuCLTYhWWnZFKeRjOMPneVqJgnKzVGycVfTdHZsAfGUbge', 326896, 625382, '1979-06-16 13:14:59');
INSERT INTO message VALUES (457353, 641463, 'eIyAvqqXvcBKRGHVsCBtUmuqcAcoUkYtLDTUQtRDjczkGNtkObwZnnMpZYlKmGKYcsusjYMBggRGfzSKUkwtmVXOjAdHoVyMETTgulAsZjUFJwWqHrXFpFLqEcBIjoYevvLxBACqwEMcxHSFYqzPmVDvGpRVURUBrPADwGGtXbsfNeDbxliwvQx', 148512, 130812, '1982-05-17 15:42:16');
INSERT INTO message VALUES (955222, 310990, 'lHpxmMtPvNdPSTK', 326896, 345688, '1963-02-16 12:44:29');
INSERT INTO message VALUES (757313, 960726, 'eszVwRVhhGTSEnsBtmIzddzXJjFgEeaKekHelSfPZsNxkHwVbRgXrYEWZoqUlWZkwlnuXjogpswuFTdhvWiQULYeavVhbrwcfzmkjXPXnediVMpESZEmBrQBKjfvIkosNwMKMelaPwmxAfwlg', 308436, 625382, '1996-04-14 16:30:34');
INSERT INTO message VALUES (278651, 689798, 'WheeRLspESQLlQizydSGBruIVGOedgbtdnPMWzaATTiQrKCYeQnzcqxXDftKHrbXqINQomHdlsytMEXVMQnQvFwxjVDdklLRmgWiYogguLDYcXGiVXwHBadsLGRrvHLbWuOzVwNRwgSMOVdSKPTSTCpGvsbFuLbSuhrcqUhKKDvuFZkVuiloPLZHYyEbMeqno', 555041, 302430, '2023-03-16 00:42:21');
INSERT INTO message VALUES (416272, 252846, 'JdWiYnIZAzpJSKdVGjUexfobXPuWsyaCzKiYwHyuxomvSkLHKISxkRdXSHogMxqGzyrnHSkwryvASQoAkJFsVQGtnOHWdknpvQWEJiyUUJLqHdNKUiiOzCuPYaUvClxQgLsVSKOqpWtDtouElKiaHPXNyJOADYZxQLYAkPRyO', 699815, 270020, '1968-10-10 18:14:22');
INSERT INTO message VALUES (918255, 731623, 'nFDuDzeyjkmYnbuHAyytwZDYUeUJGphzYDIPimtyhoeGCkWaoEkjFnbeJuZPyKfEEQLYHqshEcUMVvXSKJNtSeXoSxJRHcWWPTNfzAVAzEVRGgdoAIhKGBZIwQXefoBsXTGTRDAYbFDeYTENcZEdwqCAaixLIMBpWhjRgZWcHiEvsvrNRqwVXgLri', 194085, 625382, '1962-04-15 06:21:58');
INSERT INTO message VALUES (710360, 308436, 'jfIOPmxaNbVKROWxRwqUeSLgaBAtnSSAwqveVVknwYbTMokxTcvqtqiFIBaDvSZqiaKJEknIIACKnFVrD', 154798, 540537, '2005-07-02 04:59:46');
INSERT INTO message VALUES (746139, 982997, 'AwujNnIQCVaywXRgaH', 822792, 406217, '1970-09-17 15:19:38');
INSERT INTO message VALUES (126075, 67226, 'nuImESXujTtCQwaVggbJSsqShwwYnwPNgsWUOCAtbJVUR', 733240, 540537, '1956-04-11 10:25:28');
INSERT INTO message VALUES (621847, 971657, 'ZmptmjWFLcoBGCCfhzPNWtBSKnkoiDgye', 104112, 74567, '1986-11-03 00:05:47');
INSERT INTO message VALUES (473943, 598742, 'FQwCpWzqqhcTrWGjkAlFxWXpXHkWMTkSQWTiiyhIilmzbExDhnGpMtcPGuSvqDUOVBjixUwQYEqPpcEnnDWtTTeNpOcJXYZrTqOMZprYowBfKLamCoXltROwDSHuZcvHUromJJpesAsOhilAbNVQFcXRgARHmDruJz', 104112, 270020, '1981-10-03 01:29:55');
INSERT INTO message VALUES (1654, 252846, 'NFGJjlahFoCxewulbHBgPMBaBNKKXoxPTPElbTgIHcJAShsmtyEngdyCRrwHAGVqbjCacWTnhFYoLiXvKaQAjkrnCIInwJFzdOUuIKbdondozGMrjHzNknZRnTpxxRwEXoMHyoBLhftxACshFHCNMxDYCcZFuKEByBqHQyCAesPyjopLYLtv', 653642, 130812, '2001-07-28 01:06:32');
INSERT INTO message VALUES (927394, 674906, 'mIpKJdjwrLWvtZaVfVahHyDxZSxLEkrTjZrQzazRIaKGtrsgGSfVvfMyFqZPJNWibZShZrEhDDVVldvDJdAknNVcthpFFhYasvbQDeuDepaUTgUlSrGwTeshcGqRnxEvexJyyzEmpIlCgcxfWraUYLeAdLEMZAvxKqHmCEdERlCRxEHjmtTrvR', 194085, 625382, '1953-03-03 23:07:53');
INSERT INTO message VALUES (93515, 368782, 'MNoXsgTMxdKfzooDBBnF', 982997, 625382, '1982-08-11 19:35:57');
INSERT INTO message VALUES (323120, 854546, 'bPhtMYhmSEzSCQaQrvAFIcIGhWqqMOMVecDopXFkrODaZaQwBUPLDPrMiUTbnoABcVOQNvMeUHRrYyBeOgjnWmjKLuBHDNZhFeyUmbuMsyNCIBnyAaAbodvyuSujlfJZhXBUPHXd', 653642, 74567, '1995-10-30 02:32:07');
INSERT INTO message VALUES (184408, 384770, 'DppPNTdpaCifkslqRxVuLtYzpddTISXoEyYnCbluevBKSQpHHDZVcfVnlckXEQmeDrDtvKwUNUHKYjbZXqqnceMroGWAGDLxGaaSVoVJVaAHOHXRlnBIKZoNPcillFPBPXHMtolMVtIIlHScQSGCBFbfPDhoECIlqqbkths', 260047, 540537, '1985-11-18 22:26:54');
INSERT INTO message VALUES (426239, 466704, 'syeoHDQdjRPaNKLlrCJRJvpYBFYWxzUIvefaAwaqVMLNqqMdLieBqyALCVHWTvONXJlLOQrggaOqKDzarYMGpojBbWcDAbJEToLaBRiucxTqiykPYErNRrkdcaAPBurxKZYnDYDEcMGGLlIAUNYzRsLLqZPxuAE', 177401, 406217, '1977-02-17 09:04:07');
INSERT INTO message VALUES (149603, 495267, 'krBtkZDAUNZrPVlPkgVmYrSMpEyueEhqBGacWKQWVkSAfzNMHChIKtCpLGHVZSUfTSUPWCqr', 141521, 625382, '1955-11-14 09:55:49');
INSERT INTO message VALUES (45157, 960726, 'IhqjZlcMDTqlzRDdVYTPdQPRWORfZYfhXLBkPHkgNUMJHSgGnuoyZhNXHrWvlTAJdBssWHgVBfkyCHIwuZvagouZDMQKpubmgWXGGgqcTuUeaAvrbtlGqeKKJfJteYWCyJGJfYktHPs', 154798, 406217, '1987-02-23 10:37:39');
INSERT INTO message VALUES (668789, 374824, 'fXHXGOpacIksYMCQWtCpOlxyyceEWFGOpxGJegYZGnfmLYOQkMefvaZqqITLCtUbpOTWgxhcoirkBnyoPQyq', 107456, 270020, '1997-07-20 15:40:06');
INSERT INTO message VALUES (772379, 505733, 'ShjdADRYHKyfJHJXtgkLyZrHwDYZGPjHQjQjIrExCdqVHqHheKlcfIDytaXeiMBbZEypwxSwFuIDcSUSVIkWPDPeDAluQSWwcflwoWZdT', 91012, 345688, '1975-07-15 07:58:10');
INSERT INTO message VALUES (176055, 138852, 'vvIvwPrFufcguIixSvwgBeduLMFBqcisIfuyepjBc', 219208, 74567, '1966-03-22 01:45:57');
INSERT INTO message VALUES (888275, 326896, 'qhNjftCbXOoujfxkuwblyozsPoQYitfetcdvByeOSwSwAuFcNFegjKWfrheD', 635697, 130812, '1985-07-11 15:41:42');
INSERT INTO message VALUES (931396, 470185, 'wAORKShzzkYpDwpDIpZdrjMRrjVLOtNtAerqeWCQeGVKpXINZAuWfqaZJMtSYtmKuxmzgohtJZSNqgUbybuNGhwenFTExLyaCbIzrHFpkpPfuQZdbTfLAfskwmmwXBvscOEHlqDCzoFAdMEcXDrIuIQRPOrAKrkCMeObtDYrPBooKvQkhzH', 27982, 966295, '1971-09-28 15:31:11');
INSERT INTO message VALUES (158549, 252846, 'NxMYGceyQrPJmqcUrfTSeDrxXbuvPKoLwtFqxIwbpeBnCQUsEJpyNSAzGharFJOyPGwmreCdOthUrfmPmOASMfBqBnJOefQqwakozIMnmxvWiymYrVsDvMJxLhwysQPXKwMewogkDLLpeZABHnLcwRDwJsyWzGZNHWyTHoosIOzbSScIOoFvep', 192245, 302430, '1956-01-24 02:05:26');
INSERT INTO message VALUES (985504, 125322, 'dtPdBxuuEgWDyXvCJLWsSZlDkPIJNXNHfbdEgCTuyyqXRgrZQZHQrLIGUQKBhPaLIgCgSLfpsQAgnZBrdaYAKeVOKgZgCuazhYmdWSHPUbPgyIyoatLPMv', 851303, 625382, '1970-10-20 05:09:00');
INSERT INTO message VALUES (119463, 563935, 'XjoAYSZxLIMgnIRUxeoxHUFkFPUmbXNCHDqFfTostfumkExJEGNpCmVHEbgdhBVAPJwixZgggwsUFvuZvBX', 84605, 966295, '2006-01-24 05:26:36');
INSERT INTO message VALUES (18083, 694667, 'KwwAoQLaNEwrzsSpsxzgKCFrUowHpBiagNCkQaICRhhCJSISKBhVUzRHQTSxkahJuUJYAcWfyFabCsVIyBLEjmKSDpstOXuuPzJfcvsHlaYNfuvNxKuDnbmNvaukMwwvocTlsRePNwzcdmNejkxuHvwPetsQDxiEfCDntdsgykXLjBGFdB', 505733, 540537, '2018-06-27 17:54:41');
INSERT INTO message VALUES (710767, 964138, 'FPnENyEjqyPdMPcQNyYQCflEdalLVZdAkKXsLNxWWTkFjwWuuAzkNjkqnLYnomUReLBNFiulHDliIdjfRryiW', 699815, 406217, '1956-04-23 08:05:14');
INSERT INTO message VALUES (77629, 381530, 'jITiCSpmCjLtkHgNJAghlZXSMdxuSMnPhUJuzOJyzxpKrRirOPGhJANhZnskuIalGEApBwAJoSIRTbaxyxyuNgVLdjRSvWGxgQJrLYdomEyPxawiacrAsePXDXulIGlpMLmxzt', 960726, 130812, '1997-05-23 16:39:09');
INSERT INTO message VALUES (603430, 177401, 'MbrLypfRSGrYArVwk', 822792, 302430, '1989-09-11 13:23:25');
INSERT INTO message VALUES (22165, 219208, 'NOokFAOdoSrjLfaStETHxSwzkGDAGHFSxsntKPKWEIJnfYaVueSqNWXLNsUkcsAyZoccKcReYmCsqaLbnXdLRQRRyAEatpxdFqhnTWDUPaiGArSBKsBrEXPAooJfSTEXUntutMIkVWGikjkSoJDnijasSxFArJICtWMMTpWmykMRiFIJgynVEIcRIpYgEupE', 141521, 302430, '1987-05-27 00:18:06');
INSERT INTO message VALUES (771900, 674906, 'iGCSHZiXFfUnpWubGrTHOTSOritDWiBdYMjjFQAsPLNHfMIOfCyTxkcKCkPWIdOPsNdXRPdVuNhtMJHf', 790310, 546880, '1984-09-29 07:17:15');
INSERT INTO message VALUES (612189, 91664, 'edqwrskAdVyAiImDIhrjukZUVSjbJYPkkKniTHmGfYGzPlnDMiwqdslUMhd', 194085, 74567, '1967-04-23 20:44:38');
INSERT INTO message VALUES (448811, 228651, 'WdEcUrSCPflpaRTMAdRjMcmODHeNfbweUHViKsvEVtMggYzxwSqSWgdxiixPOhQ', 116448, 302430, '1987-01-15 09:16:11');
INSERT INTO message VALUES (707520, 733240, 'toVqExidQsGgrVGRJZn', 300559, 625382, '1962-11-21 16:46:41');
INSERT INTO message VALUES (240345, 148512, 'rkUQeCItuVOwiwNpsEtMfUTTeyDrRFSeBqkoZbyChUczZVyfM', 428389, 130812, '1993-06-14 06:00:11');
INSERT INTO message VALUES (701757, 841207, 'WcURmPOCPuiumOBiStbEtTFVtqGyLPHuBETaJXWaNQuSXnkIvvtuIjBVoLoOjohnuyoLcvuApUbzuezJqmwqOOpOsEXZQuzkblLNukQIPFaYsZLrlkxmTfclqemBwEPxRrNqdFtaGhPRLPkoWSniEZZbyjrqyWQlDokmVcewVnDARFkeEjVdADIyrzhBMsNhOgflgjLZ', 367933, 345688, '1975-10-09 09:27:15');
INSERT INTO message VALUES (224316, 48354, 'slGjpmMYnVrmmbhXdyTZRBSnauZeyijNMtpuANMcvmPqSjnSbbhVbZLdqkTWNshVYegOpSsLmneHRbAxIiRiPHBJLngFddybskcCrzJUkobPByPKsbccSEWCjKAZxNUucSYSZZbNiIMQBWSpOkYWagsHwFUFSdr', 436206, 406217, '2015-12-31 20:44:12');
INSERT INTO message VALUES (943185, 308436, 'qOPkRSExuHzqhIAvcEhjLNwmXChgfbjJsojFQIfrQfJeSzBMWymUIPmMYazIrlJbPIXNrXoiYZGgvTSQetsaLXvIJbHmDjUlserwhhvEDXwVfkXcxoMChJiDbfIvTWJtdmDtqfosKLPckqIE', 689798, 302430, '1983-07-24 04:33:08');
INSERT INTO message VALUES (577429, 543724, 'voYXEftbbtBEXohqfyQmZigUqtCtdOjiptjGnvdJyigrVYIRLzbAtrozhFEJhLBECnVTVPnynqrYQmvfLNFybSeynLymYLxIsSnuBhRkQxusIGQBCpUnmFAbhMXRBwJwLXrBlKjdMIJomfnBHHASSytAQM', 171745, 270020, '1954-07-11 11:23:24');
INSERT INTO message VALUES (716509, 12334, 'dDUPYdHAjjPFVxASZTHuzgtSGIOqaYvKdCoaLEjBOwwFgQCOeyEclzuhXEVINpBOaAfqqSFIsse', 674906, 302430, '2016-05-23 10:56:40');
INSERT INTO message VALUES (998011, 508794, 'cedwlGxFqwmFTijpQkGjYIiCDglWSdlsUFQzSrSqgIEYrfEWEsVuUwopMJEinIfvzO', 857184, 966295, '2020-10-25 01:48:17');
INSERT INTO message VALUES (425933, 543724, 'oczmFYBVeXenDsGXiLWWAkpvakAZZcajmbdYUTAEAVEomjxsBlXWBxuQahPoaXWsGmvdVgUTxqIAWFMjbScaFxTo', 508794, 74567, '1969-08-25 18:40:26');
INSERT INTO message VALUES (831460, 27982, 'rLeGmDMHcVwrksGqIoQsVHCHSKSbjmJLTufAvoXrNBerOKQopIKSYWZqlThJOkRFPMXXpNeStiWdiaYFQwqDZxyOgESlsdgeksUagXVNJFJVXveuWLUdFFmxcqHrbcGPwgoBdAxKYOGOxwBJPXNffjFqqonVoCrNlYCSb', 824059, 540537, '1979-09-29 21:33:15');
INSERT INTO message VALUES (365510, 790310, 'RFHRAcjVcMzVhGOcbFdrOXnnXvbQBhVJyEetqkdOwMrVitXtYtwMKXrANtARtZbuWaNOraizaFlVKzcSDvIGyWzAKZceJtEFlIDBbCKViPIVGUKkgwKHhrQCLMkVDsoIwDDlIfEHegkJFhzqfowHM', 857184, 270020, '1964-05-10 04:40:57');
INSERT INTO message VALUES (67209, 310990, 'lPbUUhhRoWJLoQZOMxnBObDvNBYsLtFPGiRnYkShEmAHAJzkvqcooigsQwtzGtGZGHwvkyrRPnIVYxogYDvqRJGCESgZXIuFLCwPexwA', 854543, 546880, '1989-03-07 20:49:15');
INSERT INTO message VALUES (703693, 883839, 'uZoteckhtwmkBkJHqFBORjykTPAZArqLXuffOKTOeKHBDwkqFZHRBiUoHBPivLEeXOnunSSpOliAokiBBQkqHWnJEWmFmMZRPVaSw', 84605, 625382, '1985-06-15 12:58:19');
INSERT INTO message VALUES (735878, 139565, 'QEYfYlOvoQVHSlPioOoyTzCSMWbnZGBkhOAYSEsJStoQzYrACdHqTJDLcfYzrlOHdxhChGsMcGgbzxQALYGOyJdgDcykYbXvblWER', 381530, 966295, '2015-08-26 19:49:22');
INSERT INTO message VALUES (388480, 192245, 'rhQgncxBQBfbXmQnHZKzgIOZTFbwgLbmArgdbeWTQNBSDnWPvIyuvaoGHnEUkeAaUErw', 91664, 74567, '1960-07-26 14:32:10');
INSERT INTO message VALUES (855475, 300559, 'oQyeDSXHzuFrGzzhTcwfmIkGbPeLGfHINvzKWZBtytbPhpvzDlSwuFLKkTUljBQcmjgysVojaJvRLplAAVTBsSflidyRVxUpeL', 888978, 302430, '1987-08-24 09:02:59');
INSERT INTO message VALUES (166737, 505733, 'lxMDmSFQreSKVAoYxgGRdbiyymowZjqxjUFmydHLfLBqXDjLoHxBOpKNRgYeaNuUNnBjfrAonETLUbIAXcpVHbZWeGLPYEomHCZhuOAgqubyVUgQVpx', 803946, 406217, '1953-12-16 22:57:16');
INSERT INTO message VALUES (726562, 48354, 'WTSGdVCwCNVqshjjHqglIFTJCOtjprkOxVMIzsMlksypaMTWCUgJoKSqXhbDxMDYNKTcpoitsNzAudOEzVlkWQLNufkvnbpMzyeeTbHeYZlqDpWQjonNOPNXZtHuQqRkAYOGdoHfRsOhnBVWmYRFNilKvMIX', 854546, 74567, '2014-09-17 17:10:30');
INSERT INTO message VALUES (393877, 311766, 'woWciIXVsgwQQlrLGLfbzVehZwiyaMVSKegLxsxBIjiQxnUmqqmmGEHVBemGDXRCRephGMTXfwlUWoGakQNsksiiSIwlTdMlxNrt', 333652, 302430, '1977-09-08 11:36:53');
INSERT INTO message VALUES (826431, 326896, 'xoxQzKMfbHfdPQbblgZfPrVhCFuTUposVpdGbGkNBpmTdlgONrrLEiZZOozRXLAGJkEBkYnJ', 423458, 540537, '1997-08-20 21:08:49');
INSERT INTO message VALUES (980407, 543724, 'QzUyphYNMKnpDKVTTLEiGEuVrMxmDWXMUosBYQrKivYlCsVMLLrJKvcWsowPBvnoKXrtIDeLwCCkdrXggejEhrQVFhlBdyYMtYGmNaPkqIydMCzrNSQAUwxfQpmfhWitJPObjSfmosLOCu', 495267, 74567, '1996-09-20 20:59:27');
INSERT INTO message VALUES (789766, 598742, 'ofWGbrGKDPQdNndQImsbgIPnxxSQwRFBMqIUfrqzhNGvrleIQeHXbaGtUiLoTeCMfxycsqHSYnfwTBsVuiohjAXqoBlYPDZhZcuhudHH', 91012, 130812, '1951-02-10 06:07:08');
INSERT INTO message VALUES (521348, 888390, 'ijbIKVBAKdeCSgSYoeMoHuTardjarpbZvThMAUybVxufvMzUknaBHPdeXEDffwHDbWDQRlOXqIpYRTlLXbEISWRsuVQzpkCOLLhANwqscuIOyHYlGyJtRLehbCbnjJNyuiHrmwTHFGQqIzMOgOXyBHAWamDZvIiAhl', 790310, 406217, '2007-11-19 23:08:49');
INSERT INTO message VALUES (412057, 632380, 'WfcSoFSMShWarsZgmqFbFfJyYTdFydHrrHsmAOrhEixmHVFECYtJUovsoTSOXRqFrTipjKrJNzhOPotOVLSpcHnywRrBoEGsppRAxePmfYyXrYJJwmMfPBThtZuXuPAHJYEgcslt', 851303, 540537, '1995-04-22 07:20:13');
INSERT INTO message VALUES (305530, 619718, 'ffwnKANPOWfnhOrDKuDNELqvTwBMBmOFmoYdgGfkKHGvzVtDdQCOyYIklazAwORojZKjMAhZKezVbiMtxPYRzxAtWUs', 428389, 540537, '2010-08-02 11:41:04');
INSERT INTO message VALUES (473578, 384770, 'rHAxscNjYbergKqHjmeMwGlneRpVgAdsQwDeGgwkjrDwedyRQorJtPdiRUTkBrHlpksvVTinfSpvGLCTJpZMUsCVmHosdWwTLgmuefXLFmBZmoOJGJFaoqssIPfXQWgMKioJucSNDAxLGdaCMKCvYIvLUDiaMKlxBeWDIQpTiHOghJBPZ', 495267, 345688, '1973-01-10 12:02:18');
INSERT INTO message VALUES (642602, 760018, 'wWeLsGskMRlcaUYBzRxGderbscFeeOAGgOkvCioFEBAYjNSnxtcAjXFRjhFnAmXoyGkgTZDReZXzPemGUKOPBaQyPXCLQIuPkFHWIRnRPsKYlKpqivHxCqRy', 841207, 406217, '1952-09-20 21:03:22');
INSERT INTO message VALUES (54203, 689798, 'rwwMGUMMWNbtJoUweohDelAcsAcGAywfpSxKxicahZJxBGAHBGRYLbQRVvQLWgpYVUrFPDrbZiReyBWpEhhrvevOXSrURWghPexeAIyQOljkkOkDGGDvIXLRXvcGaavOwRUsjLUEMNqTZhkcLWuegxppE', 91664, 74567, '1979-05-03 05:50:55');
INSERT INTO message VALUES (954406, 508794, 'ZVpyoVdNwhjmohZvosINQgGaPIfSrTfOQKmJBTWVozMaxOHXBaYiKpskiNJWOYXwwQPQppisFFJdYtslxhIYkuCbsJobZUhysXANACCiLLSLHZpE', 653642, 74567, '1951-10-25 06:20:34');
INSERT INTO message VALUES (846467, 580304, 'xHxXRotTDocEfBqFHOOHQugYjwhaYEqHxwPVqrcOFfhgpqDJARMnojWxqcsmXT', 27982, 540537, '1977-02-21 16:17:55');
INSERT INTO message VALUES (967025, 508794, 'LmkINtqbZYVLZkEx', 5258, 302430, '1980-01-22 12:06:09');
INSERT INTO message VALUES (719673, 982997, 'klVLJEVunMczkbTMqewcElwzCnpmMwOSkxOkawLRXqkbfimJgQIzKoLVnUpiGdfkWrvcBCkuaSpIKezsMqaHWKWqflLuIXCsBkOJvwLcHQPZNFCetFvIxWselXpb', 470185, 74567, '1968-01-02 12:00:01');
INSERT INTO message VALUES (955961, 277412, 'OrseDwNgczaJlceNgizLyNzOCMWGqtVtvDnrgHytOuKzJJOwJmgtKCFGvYeJmDmggTQfERetmcYwEKLNiVrRNOHcYZMbMSeZgsypZzfHJYFECvAgrHCTMnNiFDroEoJgUEvFlULmEGreyHWRmZMqNWwYBSEYkOqcKOBNpR', 505537, 406217, '2011-11-16 14:59:13');
INSERT INTO message VALUES (768716, 194085, 'xvIkotGiSBwRoPpiupwmvnXlHqIEwMMLQpNjpQijnNsfPCJvPfIrPefjFxwzDsNJTxzGKKlfGEhcMYfBFxePbidgXU', 177401, 302430, '1955-05-16 13:56:05');
INSERT INTO message VALUES (817815, 640605, 'dvaDVLNrAlSVwIhCKOguKSFnqKUFsQdWFuwREINXNnYKQlTGULgQeOmLCgueHZpYQPKVLpUpMqyAolgjDzDgbxdHRfVFJS', 367933, 130812, '2021-07-02 22:26:58');
INSERT INTO message VALUES (324607, 445076, 'NqTzXJCitgIHNjACfflxiDviiPazdlQTbgRMnUPPwExYewNHPNHbOJKIwzAEgwTdWPBtyPZgwngEczmtxqdORzhkUxT', 116448, 625382, '1967-03-17 21:25:05');
INSERT INTO message VALUES (775115, 854543, 'gLSDXCUXQhQhgsVhDwccaCkTEQFhWRyADGaJlgzmbHHFQrbUpiKEaRSYKbJtKSQSMPgXVYvAtSfEcwpJJb', 478640, 625382, '1955-12-07 23:41:06');
INSERT INTO message VALUES (644914, 84605, 'vQMEuIsCmKuFpAfjYXhvMZBgWRraclPpVRAsqByrCZvJeEYkiekDMaKMmcPiCxtuIDABqNaDvXJGYpdsQyiYPbAQc', 505733, 74567, '1962-02-01 12:13:50');
INSERT INTO message VALUES (701588, 841207, 'EWwEzhZwbLGNtEGXjrXFHbPtEtTafKOBJwVmtSCqDVpdCwvFEFbhdwxpGgvzeSSHDvhtfHDDSaSerbJbnKwYjIEpCaRxsNMMOlASSup', 310990, 345688, '1983-07-07 13:06:49');
INSERT INTO message VALUES (433699, 374824, 'rFVCwfIyAqrmetpWftJvFEGDVgmEReiVjpsJHbmlQuLdnlOJEpWeGqcORuwJYYCL', 434027, 302430, '2019-12-25 14:29:49');
INSERT INTO message VALUES (641895, 277412, 'wsCFMXJDTdtTmtGATgGEZFPqRyvpxleGkEBeQczyUhTQYBCPyVPRadAyPMrTgTBVHbbalwIqweKoPIPZbzakkC', 854543, 406217, '1952-01-29 01:58:08');
INSERT INTO message VALUES (767701, 555041, 'mWULVUHDykfLHgGyzBcDTSAdCLuGcstIdIFBULtOBerXCwJYdlgZGlNMstmYRkZmfUsRNydKYkZMPNArbUwcxuyFmWyLMqmwmnKSrobxKLQcxmEveptsUCMvqBUBSypzVCLRTpxHgropCfUycsNhpKYJUMudHTjqbJe', 841207, 270020, '1975-11-14 00:59:09');
INSERT INTO message VALUES (956218, 803946, 'nYzPfEoelDHImMkaDipVteNwsKOqQDIvBIMUYiJZOYmwHipRdmsIytidvRqoXSxEuaBJamUPXOmBFReHSYsJWzBEjpdaXHoJLgHFdUQUHdhFYpGHxLiExDTWGjYZfiUPZRHgBbyPq', 990908, 345688, '1971-07-17 06:06:27');
INSERT INTO message VALUES (770198, 824454, 'AAvjcrBMgLjunuwjRJDzb', 252846, 966295, '1967-07-12 02:35:13');
INSERT INTO message VALUES (342327, 563935, 'EFyTWvGPgxu', 374824, 966295, '2007-07-21 15:53:44');
