INSERT INTO profile VALUES (914980, 'Jaya Pant', 'JayaPant@Outlook.com', '3kx77gQU%2gnuYx62@8wj6%qKON&OLL^wfjy7@#zZ!2', '1974-03-28', '1967-05-27 17:11:04');
INSERT INTO profile VALUES (432025, 'Dinesh Sen', 'DineshSenproton.mail', 'Ivfd82P1!Dk5r#MJa6g7sHBDVcPO!C3uQQLSbq!Im4Jk4rrY', '2000-12-01', '1953-01-28 07:36:41');
INSERT INTO profile VALUES (649431, 'Djagarajen Mistry', 'DjagarajenMistry@paranoid.email', '$!Kbc7E$qiTN*m', '2011-10-25', '1997-09-12 02:32:21');
INSERT INTO profile VALUES (895673, 'Murali Barman', 'MuraliBarman@yahoo.com', '9L7HUu7c*i88DDguNAEl0n*%5Ic', '1974-03-14', '1996-02-03 09:14:12');
INSERT INTO profile VALUES (587102, 'Anandha Nanda', 'AnandhaNanda@yahoo.com', '7ZRjY6^Ia5p%5e$eom6Z0q&EJWR4Dh', '2002-04-11', '2005-10-06 18:02:24');
INSERT INTO profile VALUES (122029, 'Duleep Mishra', 'DuleepMishraproton.mail', 'WvhxE*%XCR7N!oa62mq0^Pe2T#M8Rui4F8%4bH!^##&3%h', '2007-01-17', '1976-07-10 19:08:40');
INSERT INTO profile VALUES (98637, 'Jayani Mane', 'JayaniMane@gmail.com', 'nOBYv6vJ!HM', '1977-12-16', '1970-11-05 02:29:51');
INSERT INTO profile VALUES (191126, 'Ladha Boase', 'LadhaBoase@gmail.com', '3JULtR18O*fx9@h9UTPfVSNGyJNDz', '2019-01-26', '1969-04-28 21:53:23');
INSERT INTO profile VALUES (432928, 'Cooldeepac Aurora', 'CooldeepacAurora@yahoo.com', '0lu$#yP&WDwS74%28', '2015-12-22', '2014-12-19 05:10:09');
INSERT INTO profile VALUES (452871, 'Antrija Deol', 'AntrijaDeol@paranoid.email', 'lC#CaB^9*RgRlMIx!A', '1997-06-26', '2004-05-05 22:06:34');
INSERT INTO profile VALUES (518150, 'Madhu Dubey', 'MadhuDubey@Outlook.com', 'KRZLlR*S*fr2vqSHpHlJwyCyYD!meDzHteFayClOehNVW', '2012-05-07', '1962-02-18 18:58:19');
INSERT INTO profile VALUES (934665, 'Damayanti Behl', 'DamayantiBehl@paranoid.email', 'j!%YnHQESeTqDg#N0peTYzAo$idcK&6', '2014-08-24', '1976-07-28 11:43:56');
INSERT INTO profile VALUES (901528, 'Ajay Chana', 'AjayChana@pm.me', 'M*3GY8yhuKId8GmIEN', '1997-08-16', '1952-06-06 23:48:27');
INSERT INTO profile VALUES (719360, 'Lilavady Ravel', 'LilavadyRavel@pitt.edu', '@%8^L4sEsoX*1#TetG5#0*gMpD4u15dj8J42pZo0X866', '1972-06-06', '2020-01-19 09:50:13');
INSERT INTO profile VALUES (345384, 'Ganesha Rajan', 'GaneshaRajan@pm.me', 'tsC*@6u2yfeWJgf0F4vJljxfVF54hPbtk&j', '1989-12-12', '1956-11-02 12:54:51');
INSERT INTO profile VALUES (201893, 'Bala Meka', 'BalaMekaproton.mail', '6dSPBJ7xaIMXZo1kWtZ5JR7XRVyrr2tq705iRMr7YYZ50E!', '2019-09-15', '1981-11-15 11:29:48');
INSERT INTO profile VALUES (373260, 'Chetan Varghese', 'ChetanVarghese@pitt.edu', 'bu3pI%E$aY#nB##@jD#IdD$vO9IY7C', '2014-06-20', '1958-01-24 11:27:31');
INSERT INTO profile VALUES (603303, 'Devaraja Chaudry', 'DevarajaChaudry@yahoo.com', 'Mb*^3C0r#rJAwfvdonbBLGYx*LekIp', '2013-12-20', '2000-10-22 06:24:15');
INSERT INTO profile VALUES (59870, 'Gopi Salvi', 'GopiSalviproton.mail', 'w#DrYq7ErW', '1978-01-07', '1990-04-24 14:32:28');
INSERT INTO profile VALUES (399253, 'Harinder Patla', 'HarinderPatla@paranoid.email', 'vHfVgQ0o114dFuqD391PZD3hmFi@cd71v#2g4JnS661O', '2011-04-04', '1980-09-19 04:23:21');
INSERT INTO profile VALUES (151840, 'Aditi Sagar', 'AditiSagar@gmail.com', 'u2pMU@*b6MhBzASw*wKIdBQS9zvcQluTMCl5Nl0A2', '1993-05-06', '2021-08-08 11:58:34');
INSERT INTO profile VALUES (203939, 'Harinder Swaminathan', 'HarinderSwaminathan@paranoid.email', '0S&^owfToqWK@hn!*u', '1972-11-13', '1975-08-14 03:58:40');
INSERT INTO profile VALUES (142675, 'Madhu Chadha', 'MadhuChadha@gmail.com', '7G@vJOfi3n9l&yvKMvY&HwRcXulxH2$ERTayEGJO#BeUU$q*K', '1983-05-04', '2020-03-08 03:17:00');
INSERT INTO profile VALUES (679718, 'Aditi Ahluwalia', 'AditiAhluwalia@pitt.edu', '10c@#@EU%DIA5*A2c8&8t&yhl0ME&zY', '2009-01-11', '2009-12-10 06:40:00');
INSERT INTO profile VALUES (993662, 'Kunal Dey', 'KunalDey@pm.me', 'Sf20OwBj5EK6qKCDj&4uIOAI', '1986-09-16', '1967-06-20 19:35:50');
INSERT INTO profile VALUES (831345, 'Arun Gupta', 'ArunGupta@pm.me', '1joOjF*^XQuZ*XsmeIqMwA2RL6jMGqvGwQCTJT$', '1972-11-17', '2014-04-15 10:07:38');
INSERT INTO profile VALUES (557084, 'Kalidas Natarajan', 'KalidasNatarajan@pm.me', 'nm@AyNwh!NC8HyamTLIE75QGnNtNNpRR^G*xoyp', '1984-06-19', '2005-11-29 22:52:12');
INSERT INTO profile VALUES (139411, 'Gopal Gopal', 'GopalGopal@pm.me', 'F3p4eyW3C!a8s1', '1973-10-27', '2009-06-30 07:32:03');
INSERT INTO profile VALUES (768610, 'Anantee Zacharia', 'AnanteeZacharia@pitt.edu', 'vfph&##sc*SwthhOrGYjVM!#^hXv@AEfAzNg0eYa*q8', '1975-01-09', '2000-03-31 15:50:43');
INSERT INTO profile VALUES (499551, 'Ishwari Sahota', 'IshwariSahota@gmail.com', 'Rbfx%O818WciHdQs&@ei', '2023-01-05', '1998-01-27 11:34:21');
INSERT INTO profile VALUES (580581, 'Neela Meka', 'NeelaMeka@pm.me', '$eza@!q3la&cZM89hX', '1999-07-11', '1998-01-26 20:37:34');
INSERT INTO profile VALUES (253302, 'Girisha Kalla', 'GirishaKallaproton.mail', '%5ZN9$HdssQHl8W28NeU@D^OqhIjcC3@1YAJ@v', '1991-11-14', '1969-09-24 23:43:25');
INSERT INTO profile VALUES (254872, 'Narendra Bassi', 'NarendraBassi@Outlook.com', '5XrvtK528&$07AaUCSSjtj2TY3', '2008-11-30', '2016-12-28 23:42:43');
INSERT INTO profile VALUES (37446, 'Manickam Narasimhan', 'ManickamNarasimhan@paranoid.email', 'EPdMJ5ErF1^56q5jHvA0TK383C2LWN$8', '2008-01-06', '2022-05-10 18:32:39');
INSERT INTO profile VALUES (842625, 'Damodara Ratta', 'DamodaraRatta@pitt.edu', 'BKUOi*R*1iClg^$u@HOr', '2005-10-18', '2008-08-29 18:46:02');
INSERT INTO profile VALUES (819089, 'Buddha Dhaliwal', 'BuddhaDhaliwalproton.mail', 'w6$mUY4!4ov@nwm2ETh3a4!LQ!%Q9#@O@m7%pzerxE', '1995-08-19', '1963-10-11 06:22:33');
INSERT INTO profile VALUES (89053, 'Anand Cheema', 'AnandCheema@pitt.edu', 'O2JCQhB5Ds#LHx1C4PG2n22MBEL8mnhCC', '1976-01-21', '1966-06-25 23:26:08');
INSERT INTO profile VALUES (972494, 'Aditi Jayaraman', 'AditiJayaraman@pitt.edu', 'GX&%TBl4AxrRlqxj&yqmFSHwV', '2011-10-25', '2020-10-20 17:56:33');
INSERT INTO profile VALUES (148179, 'Mohandas Prakash', 'MohandasPrakash@yahoo.com', 'iaND6OxoAo$$x!^a^y!k&E0JZyr%RWfhTXe##BGNK#!yoO', '1973-04-26', '1967-09-07 23:48:00');
INSERT INTO profile VALUES (229173, 'Madhavi Vig', 'MadhaviVig@pm.me', 'HsKR6Ohg5y61$CCuiyG*hCT#m', '1993-01-27', '2006-05-10 13:52:13');
INSERT INTO profile VALUES (782721, 'Nandita Munshi', 'NanditaMunshi@paranoid.email', 'x$Kf$Kg8ez62R%9RLtL2%0K@0ec2A4D%gkMZ*m*ecn!gF^LBq%', '1999-07-16', '2013-06-05 19:54:04');
INSERT INTO profile VALUES (174406, 'Aseem Ram', 'AseemRam@gmail.com', 'B5t0BU*gBvb3F#&H@0j', '2015-02-22', '2007-11-20 10:08:07');
INSERT INTO profile VALUES (78861, 'Kirti Loke', 'KirtiLokeproton.mail', 's$llqcdY!#%Z9MBhhImz1gqh&vo&O2nDDVXYeKJ*4fM@Ya6', '1975-02-25', '2008-03-23 11:21:09');
INSERT INTO profile VALUES (892794, 'Cooldeepac Yohannan', 'CooldeepacYohannan@yahoo.com', 'V#P9E%Utp5d7lc!T7*^#3', '2016-12-22', '1960-07-19 11:54:23');
INSERT INTO profile VALUES (770641, 'Kishori Issac', 'KishoriIssac@Outlook.com', '%5wJS035lX8bqnyW8C1AMxPzVyO3lbK', '2018-12-31', '1977-10-07 02:48:24');
INSERT INTO profile VALUES (836738, 'Kajal Balay', 'KajalBalayproton.mail', '84ULQZMn&no', '2015-11-13', '2000-02-20 18:23:26');
INSERT INTO profile VALUES (226225, 'Karna Narayan', 'KarnaNarayan@paranoid.email', 'ptnW@nq5AgM!*', '2004-12-15', '1978-01-11 02:48:51');
INSERT INTO profile VALUES (918931, 'Gopi Goswami', 'GopiGoswami@yahoo.com', '4x37o00kTWI^L5VVf0AuOw', '1975-08-16', '2005-07-24 05:14:15');
INSERT INTO profile VALUES (489866, 'Jivan Mohan', 'JivanMohanproton.mail', 'SqY*kXV9U^cHtWvE#ImmvDRSSKRW7guMm#JrWvp#XFa', '2008-03-09', '1984-02-19 19:38:43');
INSERT INTO profile VALUES (667580, 'Dipika Jaggi', 'DipikaJaggi@pm.me', 'txvw01RCh4T26i3x9F2CtUn5ntdPGxPBmcBT$2fibXOem', '2000-06-15', '1968-04-10 06:12:51');
INSERT INTO profile VALUES (581300, 'Chanda Mutti', 'ChandaMutti@gmail.com', 'NNnj&hGi9Wp4F*GwBOhkeJsNoAke286VCi8TyJ&q', '2016-11-24', '2015-04-03 08:00:41');
INSERT INTO profile VALUES (867062, 'Kajal lastname', 'Kajallastname@pm.me', 'LtKWh$&c9i^k^PT^pmn6V', '2014-08-17', '1973-09-11 02:39:34');
INSERT INTO profile VALUES (931991, 'Jarita Maharaj', 'JaritaMaharaj@yahoo.com', 'v%pkM*&J9qfSFQBv', '2003-03-07', '1978-07-12 08:14:31');
INSERT INTO profile VALUES (379075, 'Djayssen Amble', 'DjayssenAmble@pitt.edu', 'dn78Umfhx$ymZb2p', '1995-03-06', '1971-12-09 03:30:24');
INSERT INTO profile VALUES (10266, 'Jayendra Chandra', 'JayendraChandraproton.mail', 'KZx2#lr@', '1971-11-03', '1990-10-10 22:27:20');
INSERT INTO profile VALUES (757547, 'Archana Acharya', 'ArchanaAcharyaproton.mail', 'jmL$9w5w%&OZ3JJyU3$n48DYU2Z2VqqBx9D*4q49r676N38!xN', '1987-03-18', '1973-07-02 06:32:25');
INSERT INTO profile VALUES (855864, 'Brijesh Yohannan', 'BrijeshYohannan@pitt.edu', 'Cs@$uf*v2KYS7^9B&vO^r', '2006-09-04', '2009-11-25 16:01:50');
INSERT INTO profile VALUES (336782, 'Jayendra Sandhu', 'JayendraSandhu@yahoo.com', 'vWR7h2a^uwYRUX$mtxCzUAT@mU', '2003-04-13', '2021-12-04 23:29:47');
INSERT INTO profile VALUES (450122, 'Darshana Dhawan', 'DarshanaDhawan@paranoid.email', '5A6Jes1!3dcBw7*lKQJ68h', '1984-02-23', '1989-09-06 01:47:54');
INSERT INTO profile VALUES (737290, 'Chatrapatty Barad', 'ChatrapattyBarad@paranoid.email', '34H36n^#@Q!$bIc5Z34nd0J0#@', '1973-02-18', '1951-04-17 06:11:17');
INSERT INTO profile VALUES (248990, 'Inderjit Sharma', 'InderjitSharma@pm.me', 'N^11*JeBiQI#FYzc&A%ZHm$aEmco!MGaXAm90Mr', '1980-01-15', '2022-08-29 00:53:01');
INSERT INTO profile VALUES (71971, 'Mahendra Soman', 'MahendraSoman@Outlook.com', 'et*#6!423To5Bf39V&c*', '1972-11-11', '1995-01-20 12:48:17');
INSERT INTO profile VALUES (552361, 'Isha Brar', 'IshaBrar@paranoid.email', 'JJ!^tkND4yr*DT&E%!qkC!QulRTdGz!S5^uTl%XMuZ@MF', '1986-06-19', '2000-09-14 02:11:12');
INSERT INTO profile VALUES (305948, 'Kiran Sethi', 'KiranSethi@pitt.edu', 'DlqWi!@&iha#1k!JQ8PUe^u2IX@sO3dv7!OH', '1988-02-15', '1954-09-20 02:47:26');
INSERT INTO profile VALUES (564684, 'Narayan Sundaram', 'NarayanSundaram@pitt.edu', '01tz6Z1*@aVDSHUA^upX76a4D4f0YzncLBdIbOyLnI', '1979-01-10', '1969-06-12 17:59:10');
INSERT INTO profile VALUES (29220, 'Mounoussamy Nair', 'MounoussamyNair@Outlook.com', 'Fh8zjk98^NTWPBbc5SxcPddm3rw7x7REzXho3wt3', '1985-12-28', '1961-09-16 08:09:43');
INSERT INTO profile VALUES (910507, 'Neelam Chadha', 'NeelamChadha@gmail.com', '##1J%6yi1T*&ra5YbwS46M*ouP!MDOh2i!$9wQWu', '2009-09-17', '1993-08-29 18:41:56');
INSERT INTO profile VALUES (389782, 'Chanemouga Thaman', 'ChanemougaThaman@pm.me', 'zH%jJK!&PUc5w#2F38rZCI6$l^vGi', '2011-03-18', '1952-04-09 08:22:32');
INSERT INTO profile VALUES (7883, 'Kamini Chandran', 'KaminiChandran@pitt.edu', '0&b@5R3cu9&1a$', '2003-09-04', '1990-12-18 10:32:41');
INSERT INTO profile VALUES (429124, 'Jyoti Gaba', 'JyotiGaba@Outlook.com', '9C4Q$2$%LnE', '2007-06-17', '2022-07-25 09:22:52');
INSERT INTO profile VALUES (293756, 'Avinash Dhingra', 'AvinashDhingra@Outlook.com', 'jf@BhQN&%kR*jWu!q5yK', '2020-08-08', '2003-11-03 01:39:36');
INSERT INTO profile VALUES (744940, 'Keshava Mani', 'KeshavaManiproton.mail', 'o$9p32o0G0Fd24aDNR34LpC4W9Vj5675vsGwd@6sEOqYEl1*F', '1999-01-19', '1979-02-12 02:01:33');
INSERT INTO profile VALUES (526592, 'Chandrakant Butala', 'ChandrakantButala@pitt.edu', 'w^54$sn2!r&J9znv3k^7V4&Jv8ts0n5PwZ#*HgF6', '2006-06-05', '1974-11-23 11:52:44');
INSERT INTO profile VALUES (447729, 'Adita Chand', 'AditaChandproton.mail', '9VAy7An5$C24c&$m9', '1974-06-26', '2008-03-26 07:22:16');
INSERT INTO profile VALUES (336283, 'Kama Kanda', 'KamaKanda@yahoo.com', '@T03C*tO$ZeY^yGIgsk*L&a&VsuHugTv', '1983-11-13', '2016-10-15 07:29:39');
INSERT INTO profile VALUES (344417, 'Krishna Balasubramanian', 'KrishnaBalasubramanian@paranoid.email', 'tzQ$Xn0oB6*mhs4WQG5t96DM4Z1hxb&jF7AxYYHh1OuWC*z', '2001-11-30', '2004-09-20 13:53:29');
INSERT INTO profile VALUES (915389, 'Chetan Biswas', 'ChetanBiswas@paranoid.email', '%#gy&3JW^^j7EBSAvoVp8SHqNO1brgaCMv@Lf0DS', '2014-12-27', '2010-02-19 13:05:07');
INSERT INTO profile VALUES (124928, 'Nil Dar', 'NilDar@pitt.edu', 't$joSO@6&yOpU^2DI7m6', '1988-03-24', '1952-07-12 04:05:20');
INSERT INTO profile VALUES (729910, 'Mahesha Ranganathan', 'MaheshaRanganathan@yahoo.com', 'L32&8oVGRQ^n#%j', '2008-01-09', '2023-03-05 17:26:21');
INSERT INTO profile VALUES (151752, 'Brijesha Dasgupta', 'BrijeshaDasgupta@gmail.com', '6F^D*7&s2', '1984-03-03', '1985-06-12 01:46:15');
INSERT INTO profile VALUES (458366, 'Durga Viswanathan', 'DurgaViswanathan@gmail.com', '%6TiW$wFjqi@Eg*qiEAF^pWxiWYrT', '2001-08-18', '1989-02-26 10:53:29');
INSERT INTO profile VALUES (769361, 'Lutchmayah Bala', 'LutchmayahBala@Outlook.com', 'nec*&WM^5G8Q9rJ@H#qYgM', '2016-07-02', '1968-05-30 14:26:22');
INSERT INTO profile VALUES (27876, 'Ananth Kala', 'AnanthKala@paranoid.email', '6o**7$!WLf6BYb1v9LQk^', '2010-08-04', '1965-06-14 00:35:30');
INSERT INTO profile VALUES (462061, 'Adhik Dora', 'AdhikDora@gmail.com', 'Z5320@xREduYf', '2011-12-18', '1985-01-23 03:00:39');
INSERT INTO profile VALUES (827708, 'Kishen Mangat', 'KishenMangatproton.mail', 'B@P8^4kFK8tg&6HR*kH7*M9xOwo#@#$jW79p671I', '2021-01-02', '2003-02-08 12:54:06');
INSERT INTO profile VALUES (860233, 'Nirav Minhas', 'NiravMinhas@Outlook.com', '2Q&3a8&7@BS', '1992-02-21', '2020-05-07 01:03:41');
INSERT INTO profile VALUES (883372, 'Kama Narayanan', 'KamaNarayanan@pm.me', 'FFMZjU!t&Tqqq$1VjDvpnV&ogtrwoK5h6ioym#UxXt$EIT!LAL', '1996-08-26', '1992-01-09 06:14:00');
INSERT INTO profile VALUES (850388, 'Lilavati Dewan', 'LilavatiDewanproton.mail', '!7It&v@cc0u%r28yU!3H21Q$#4#E6A7o7oW#q!', '2018-05-05', '1960-09-17 02:10:27');
INSERT INTO profile VALUES (985284, 'Amrit Sachar', 'AmritSachar@pitt.edu', '^5VOwG^17*H7E$#dcA66', '2010-10-22', '1957-02-03 10:27:28');
INSERT INTO profile VALUES (24245, 'Kalpana Khare', 'KalpanaKhare@Outlook.com', '2vs5&O3Z&P@c$&g@l*xHs1p3l38C0$9%xZg2%glM$30&aX1Nh%', '2013-03-12', '1962-12-07 03:48:43');
INSERT INTO profile VALUES (108815, 'Ladha Dey', 'LadhaDeyproton.mail', '#oTKj0#yBwC8nk@*Y!0kRVP%WV', '1994-08-08', '1974-08-19 16:31:06');
INSERT INTO profile VALUES (311534, 'Narayanin Kashyap', 'NarayaninKashyap@pitt.edu', 'ZNFD01qW*5X*U3iG^qp!IxTO3@zMi4QgHKG%unEUE', '1973-07-25', '1960-11-26 07:42:55');
INSERT INTO profile VALUES (618126, 'Aditi Raj', 'AditiRaj@pitt.edu', 'RbdO0C6!bC3O2', '1990-11-23', '2004-09-25 16:12:33');
INSERT INTO profile VALUES (311049, 'Bharata Kalita', 'BharataKalita@pitt.edu', 'c0HOSAgWdK@Q', '1993-04-02', '1968-05-24 15:21:05');
INSERT INTO profile VALUES (169564, 'Nandini Solanki', 'NandiniSolanki@gmail.com', 'uG5#&IeWNHy3eu#XfwP!4OW*MjyB8DTawSoCoTS1rnIYqAJcO', '2007-01-06', '1986-02-02 16:21:21');
INSERT INTO profile VALUES (995118, 'Dayanand Lad', 'DayanandLadproton.mail', 'a9&t28gcc%X$Rg170dO!', '2011-02-05', '2020-08-10 23:43:53');
INSERT INTO profile VALUES (955715, 'Nagendra Thakkar', 'NagendraThakkar@pm.me', '34DzUh!Ku$1q1j', '1995-12-07', '1974-06-28 21:00:43');
INSERT INTO profile VALUES (625797, 'Aishwarya Bhandari', 'AishwaryaBhandari@gmail.com', '%s1dUzet1pNP36A', '2012-12-07', '1970-09-13 20:33:57');
INSERT INTO profile VALUES (218904, 'Gopal Deep', 'GopalDeep@Outlook.com', '6&A7YB^09Nz4Y#0yV*q%JE8xn^i0$!ESU0gXZ', '1979-01-02', '1975-01-09 14:11:12');
INSERT INTO profile VALUES (221896, 'Mohinder Agarwal', 'MohinderAgarwalproton.mail', '6PIHepAVaEnYI%FJ48gnoKpFaQA93fRUv', '2003-08-18', '1972-08-06 15:36:46');
INSERT INTO friend VALUES (293756, 842625, '2022-02-04', 'ZGvLBjRkndIDquOZLJfIEjZGiFQlsUfefKpCABrYAigLqBrRdxqdvnPDZvclTCIOwpNnRZPyTlMgDQZCasWhByOaDdEfpQRcHpVzgrXLrLwlauYERnSlLTbkjEMQXajVjnvdxPlL');
INSERT INTO friend VALUES (311534, 518150, '1984-01-30', 'neHpJJNirYzzWzEWTHXEtrNwbQVyDslWbqnNpyieUoiNpfjJwXNDqHgYxrONblpDuROClIhRBDtNYYfVYykMMGgaArNSriPVsnOEPdqBgJJdwfVOPnLWfKahLpwUPaVioVMfosbQllUUQuBuxtHmtpmBRFDsIuhtOSMRuvftNi');
INSERT INTO friend VALUES (831345, 293756, '2022-08-02', 'CseOXCwQaAyoHhPrvoLRfVGEQQFjdNRfifcaQhyhVhxQFZyqHpbqcIlqtuizImFRcktRyCgomiospxXzQIEAxeWBBStlEjguBPdFMvHuUmuznlwgEyuLridDfqZfTrYdAeDXUewEginLSsqrXPAZhaVQntGOXxEaCKKuvdsPJgMJwGwSaTJJXFXMudi');
INSERT INTO friend VALUES (860233, 311049, '1984-11-24', 'XvwdSlVMFwoWmHXDqJPWArayqZaLmuTaioRZkXLnzqUBFPiaFhjaQdJahdBWCIvdAgNUOnhUBmCJOskpeuXjsKFWcFbcdSSrxcXuBwVuQTWCHBmOOufZNiwcYGdnoaDNDnUuxfKKEeOFuRxQMclxSlqoi');
INSERT INTO friend VALUES (139411, 37446, '2012-11-25', 'ijYRiAwXOJcldqOTPCMCvFZfcawQAclLdrdmBJLFpiZxASwnIfDRLYUqQARWmPoNqftarBbkTrGfepzasrjXUbKcwljLDNVtgRsQr');
INSERT INTO friend VALUES (399253, 336782, '1974-01-18', 'iPIkkCFqJwhfuSELstpAgttlgZGcQjhtawpQycZRyKbPEadKBDmmpUNyBhuFfroafJkAGueHSwyCDp');
INSERT INTO friend VALUES (151752, 819089, '1986-12-31', 'ZHzoiIcemhUOLaWEuRkDnEfqmbONmPUgTBZMauUAIjN');
INSERT INTO friend VALUES (254872, 827708, '1973-03-23', 'sABMcmyRUldEJUiBxNePkEFDrTfHjmccBFjYFoKzDOIB');
INSERT INTO friend VALUES (934665, 122029, '1983-02-17', 'xCbdTSvKDxdFBhIOPIniMwVRpKaSYYCAvhAEgDKfUATfKFYDWBfKlCgZWlpglngevahlxHGmyuvcJSKnEZDuwLUeGdxVEjGpzzPsTBcQQaNvwKBzbwdkVXIMEJpcftIQoTRbOjhijjPOykHCuNLgtXSJqvbBaSQdJBVaADiGnrV');
INSERT INTO friend VALUES (311534, 782721, '1984-06-15', 'NQyqIYbNOpBBVyxouLSqKKgNBLmnKhLIvQwbmzNZzzWNCPqvlRQUpNoaaAGnajlijgRCogmIjexnQebLoeXZMtOcmFlvgZlXgrZYfmWaMRbMrgOumvmskqhFOINuGXMndbIrbxuumeZfwkqSDxZXJXQJtsXKTphfAHaoPygNMpImuFrIgQBXxhJnuXtVGQQ');
INSERT INTO friend VALUES (305948, 842625, '2011-07-01', 'jMajcAewafESlfcMkBHytBvdTeDtFJIdhZsxDtUZXLeOyKRbaZxnbeNXKePMBtWfBjEBHnEGFYRHYmtsCuCHaeSestoIaJUpdQycRmXjYatQYKCzfrZQhZMxYycIycqQZSNNAzbwWVumfInOYAteVVE');
INSERT INTO friend VALUES (389782, 305948, '1979-03-09', 'PHiPHkEuhrumWclHwKitFgiqLVUeHrOCRPpYoLsGMMSnZjBICqjGWEVnEzNpnUqwLwPRBIFDBNCWMdaxmHXOVdgoQedEOxwWTEJBcdEcWqAXYWmggFvjlpZGLBpbTCjADRlfSnMGjqWEe');
INSERT INTO friend VALUES (29220, 836738, '1978-10-20', 'CaDzkzJpZMijIrrELQCVxYdAvOLDGldMSGoEwyjZILwHyNqPOoOIFBbjZPdMFZWxrCWcmtEcgQaFDiHZZDgWCaNxHHBTaljEowqhjryFbkOcomZZfWxcxnETAIJFvJSsHOsvnxgUrmdLHALtddAqWprCtxM');
INSERT INTO friend VALUES (518150, 883372, '1977-02-20', 'hAHOltunxleBPmemSNGkqptHeaGYcKfxRGvlQKoPMFKbqW');
INSERT INTO friend VALUES (142675, 985284, '1975-03-08', 'OWAJgMsCcbgaXRgZmCaYjOHlkIUsaEijsADBWWGQJsNhfuuLTlXavwbZolYVQSbqWsdPjDbRDbRkkjrSbRvzUAVguYAzqeOBLgfHtCWWNrwGSFTuzGIYgfjzTjcBTyZBgavSSHcGnTosVjWhsouayvvoYSFKPMmBnbtHGRSEWKMGshZqyvuOjGKHuhzyg');
INSERT INTO friend VALUES (819089, 625797, '2009-12-18', 'xgaCdZYaPkHCTOBozKmowQlHWemItCmQGChUZVeuSDRQnwddiTizUpFJipwXHTNMwZmeLxwJEmTZUffYKVSuHOFUQGcNkiajQNFQtmUiWxiOhuPianpfgQNETkMVOJsRdpdiE');
INSERT INTO friend VALUES (842625, 667580, '1989-05-18', 'YxmYYPLTGdidmipduQkdkOIkZoenSCHvbWcWyEAvTTNStYYKnukmqasABcKPvepqKrtVWYjsbeHsRkAhZQpqXOuPxfdfHsYgRYOyhsddRNpWnsREczQtlbPAjusRJnmNjutXmvzlpYXXQPcLqeVGFrqeNYnauxnpFTGtaivvtGzrXvqqhojgRxOGjITvYxR');
INSERT INTO friend VALUES (305948, 27876, '1973-10-01', 'LnBDbdBpdrtnUktGXzZJFbEfMxWTGPYAk');
INSERT INTO friend VALUES (526592, 901528, '1978-02-27', 'YpSGfnunoqWOKcWCUrFiavtaqNuJwbXbWsLRGNfTpNQyLlYgDduqXWMvXnqVnstTbTqDggVUWtplTdqJpxnCyBhelWCSpvXQoPWtgNRuJQIVrRaCdorvZWTmNebYAgsyvlZbilofWbAsDsjNgAicotjkLoDKkrCvyqBjuzMkfgeyDmpFvkOOSNk');
INSERT INTO friend VALUES (993662, 293756, '1973-08-19', 'CTeqtNHYYgEGnlXfnkCcYNVQzAbuFloecCpsmtlPZseKfdxHaMKrGOmEKhOxjufUisPiavxZGPsiWOJsdsKRSCIo');
INSERT INTO friend VALUES (139411, 174406, '1980-09-26', 'NNQhICpfwDoevJZIYsIMzRUGCuEqoYaGkJSRVEHUNhVqqGGQxXiJrMFUlTmNEAcDHPqjGyEidXKjeVKaotDVhQryojwtmisILGEWBwxTdhePsYaZHLQraXEuvzIvSDLLnznDRbChqdQUsYSYChyUVAmtnquSCMZtOZZoWSrHqqHTn');
INSERT INTO friend VALUES (462061, 855864, '2009-10-06', 'TZTASBIBYdCORzrsYGHpWpiDmBhPZojHuduIYVqKKVXkVgghzXYHkbnKcnamIUcKlLJojArrVYEYWqTYzfaqubULIaCBTIyRtndnmZSfSQGTilBHIcO');
INSERT INTO friend VALUES (955715, 221896, '1971-12-11', 'MdWbDEIpZToyykSwWmxTHKAhFgrbXmaHVIbZODYmUwVZPRJIBIkAaUMxmRJiuYCqkmFb');
INSERT INTO friend VALUES (850388, 985284, '1987-12-29', 'SQwvtllosSdJQikLkSVigyQOBhVvwVDCTSwaDhLyJxkjQAKLPOAUCjzAeFYRbzyHteraPIuESojVwgHVqKPcvvZiaNGizoJjtGxFElrSKYcdCzNBBZzUlvhRkcATANjsfKNDloOBJyEluYIkqygHQEmiliiwYOqpWSZMZyYPXtNJ');
INSERT INTO friend VALUES (892794, 432025, '2011-05-03', 'tttZSThTPMsfWLocnUumMtFbYhXAKVwKCAMdKmQWBLNVizxJDcVvJCZBpvizRYPJVGhPEVBLSfFRuTymtaUaXQwxEmKVqzzXbLzBgsEwFQXFTURezAnuwfpvOXnMnpYZTDEgXuc');
INSERT INTO friend VALUES (931991, 625797, '2023-03-23', 'bVQQQRDPooFXYyGtQsuOFAHKOpzueDprpZwIzdoCSFnUNWNubSYDdnlqqlgeCKexttWRRcuHRpCNmijkwHRnUbJEtFOhEWpYCMnOdHxXvPlwTvqpozxKgcHHhqLeVFOKkQLPibXINBAKsXXCNksuXIMdbNByfDRwhomMkVRoCUOpaiVhAbBQZVkFspxrTMd');
INSERT INTO friend VALUES (499551, 827708, '2016-11-09', 'IzcugVKrexxgCZhzfSctwPUoHlQdgcojQoFfUIshVUUpWJkPbLoRrkBLzjWOspnqTxqTqAnNBSQZaqxITIEmSXyKSVMuloMVJqSkBLy');
INSERT INTO friend VALUES (78861, 248990, '1979-09-10', 'quqFsMJwbAbVbXxWKoANWZpTOEfIButqvVqgEuQYzbrKjNSSAGyrcDSs');
INSERT INTO friend VALUES (769361, 311534, '1985-03-03', 'fKATRllQNWdJeHyHTiQYQVpGLGtyxzAkZVQHSFmnKVITDDOSnXRgmZOeVciLDZXOVXEGwMWoxfztRlnyOdKPJTiKATQPXrUJKBtJimSZzJYJgBlXZLBSSSmSVXzhHnSBnabsIDoIIVQo');
INSERT INTO friend VALUES (399253, 148179, '2022-10-10', 'nxaPDQIghWdpTPAkt');
INSERT INTO friend VALUES (850388, 972494, '2000-11-09', 'ZFQJjeKpSCdbTGwnGPWuuAqyJDqZzDKGtTUJjbgpbGcSPCSCtbtbGlYliNScLlPyKWWNnftDmOATtFjWQuyLURgUmxDRhMzRgzEAEBRJjFqz');
INSERT INTO friend VALUES (122029, 895673, '2011-12-18', 'UMYoUZNywAAqNjafntfYVXXVcytOhwpwlGnhaSlxCuTtHUGs');
INSERT INTO friend VALUES (679718, 581300, '2010-10-29', 'IMjWdUcMKXmXiETgqruLlUohiKDflIakBjzBfSyFvmlOLuOAKcjdKvdxpwHJcFsdIopsGJOvPfpmHufKGjWFRQsEmVqUrbdnNagjPpXkBjfgvBIFKjsyDtkFSMgDqAWFDjoqty');
INSERT INTO friend VALUES (842625, 770641, '1980-07-16', 'wdBBOVzpQeiwUGa');
INSERT INTO friend VALUES (379075, 151840, '2017-09-08', 'egqeeYKNWcUdwSkrAbxzeGljXVFsMlKKyQUYpiVmSSyqIpJtHhNetCCYpAbNBMQArMCmutGAGKnsrYOGXRNVCdHXYfcAkvKRYRvuIFkGWnyfHvGMtGRusLVEtxxdn');
INSERT INTO friend VALUES (429124, 831345, '2015-05-29', 'xJMxgTLndNyLUBVHCHqOkamFqwBtiYthSDkCsZdhkfHyLOlVpF');
INSERT INTO friend VALUES (915389, 462061, '2006-08-03', 'vnVMaUpVsgFSuASWAUAHtClubeCas');
INSERT INTO friend VALUES (174406, 151752, '2021-05-29', 'XcHxLdlFQNIzGqGmfzanFhsATOPHqKrYecgpBTDaynEdLlLGHlLhlVurMbFtHuulIEAxQHlCqVMbQsSrScUOSACZgiSDZPCNSDwjrDNNWxEpVOiJhgDYrqvkgIdNhoaUifbajDUKTjeRfyallmfqYxwMUAyCVTaGJqsNL');
INSERT INTO friend VALUES (892794, 447729, '1982-05-06', 'jWehCXTaqHPYHfsjvhWuoQCFTcbPXMwKwWjFlwwXTfLvVKGDlNsFqAHgQteWpPEKxdelBUdXlyVEz');
INSERT INTO friend VALUES (581300, 914980, '2012-01-29', 'RIeMtqcHtdKOLrJOacAfMJkcNEYcNUfNyfYdlnGqZeAczZXOJboNprWQEExOrYdXPooQEPFxEYUgWHQqIqDtscWWSQWFuufSdBWIRATwyAajHVnfVKBwnGBSmxTJEcxHXRLlwFlFJOUFHfkJeIpegQaGZkRIeaPMDGUNdFTXjMgJGmXyjOXSUqeoerUvfoqkmlUmuSx');
INSERT INTO friend VALUES (174406, 450122, '2011-12-07', 'TDnZcVQGdNTlWXWbmqkcDErYONAIcAnpCsePqKhaKieifXEMvCFTnmWupsEqgdByWjXqOqLkRQQOIhOjMqDbdYeAaSTxfFCpCmTRnmXQyTeWfHtMiiPydoMuRfXjvIUIVQatPejPfYSCuatLkcyqwvx');
INSERT INTO friend VALUES (499551, 345384, '2006-04-03', 'OGJiQPggwHjCSFKQDoIUHTghBcXmaNXNnCWjSGwdKEnQVVAtMjaqaJpbClrKqJWbsrQEqgLTkcyDAmfbDqCynmQNJjWzrUMlWhrv');
INSERT INTO friend VALUES (379075, 432928, '2001-07-22', 'STPROxdpJGWkqHNapdvERHHOALdaaICGRBsDlJzkOafDjnYkyMYmeFrSVntDjDhRDhGslqiQiLwcHEIJnbFTRKGbhjdWeBWHKITmMCeQXiMCkpSDDQChdlaZYEXjyIWGSU');
INSERT INTO friend VALUES (552361, 89053, '1999-06-17', 'LNKftDTDPzzXZjanehQNkgMWBiecpwExLhJoJPlYUpXnoIdfNMbrHyLLKoPJuhJjYLzjFzKCzeQNmXmexVxhnEEkFlnCVdQtjYcYIEaEidnwpMeDYJrvYPhxSEinSJJPVqLsIvsVeYfYuVJw');
INSERT INTO friend VALUES (768610, 603303, '2002-05-08', 'fgUkyvXdnlrxqGIkgChxXrVnjNjnKnNhXSXiPaELpLJGIgQyiQPRlzLPrSelyWhvwxfNVZlhEnKvvZVmVRXsXHeCmpXaQXMGTIJptIliWP');
INSERT INTO friend VALUES (108815, 29220, '1990-04-25', 'gDYdTPPyPrWXiKDJgNeHspCzLAiTBUDseSlPAUrHrSiiFLslKdYLotqbEmHsESDRBMQEYVatoMFwXQDBlSRPmJZGOTqIpuNOBjjJwXsLZQiO');
INSERT INTO friend VALUES (819089, 564684, '1997-06-22', 'WAJmMftSSvJnDckKhKDcRtQysVIEmBKYHjpwqRuVmPmscwV');
INSERT INTO friend VALUES (27876, 855864, '1996-05-07', 'KyKzlydCeiPowYmjLLOQbscaVGVquwoyjbpKEetzBTavCyZuQBHyShXBsCryIaXSVZWwblbAfiBHbZPTwJniMawkHAvWCJECxOSaSRkCPZAnTcYuevtbAwPIhFxylfjaflNazPlCnxIpotVHFROCPtmOrGlaSVhPqmPWlBylxZUjFzsbLTeETkoydLb');
INSERT INTO friend VALUES (37446, 625797, '1992-06-08', 'KxnkKeifARrFULuXsERSAxiyuUwKAOCJNOTLuObsnJMITKFXxhXsJhAraNqPyTXhPBFTzoFBFQNPsqSgNwOuyASLDTgjhjrmBfAEmuATlbFwRsIfhNXZQWNmXElFwmlDoqlJISXMHpUaXMVhOAxuwP');
INSERT INTO friend VALUES (581300, 29220, '2002-07-14', 'JyKVgAXOIHpGEnGlFgifUmafwwxdLXCZmEKIMzNXhuxpKBCVzGJGHijEeZMAlBocIEdoKyRtsUrLXJQckNOHvrPLCBcrDoWjStigVhkiDZSyYScOttFuuGetJmjRfpbUUYzjlUeKZqXPpLPbrnRYhMDdpWoJOThAYGQHJNytvVdvjeEE');
INSERT INTO friend VALUES (201893, 625797, '2010-08-08', 'gvjPrwKfaJELHnzgxmIzbXxCTCrYOiBFOUycnOJLJWbpQOAOTDoMoJbGOdlQaZhOkFArGiVjSKkvcuNrcjmJwEAwEyWoyrNTJrCozKJuSxkLZiP');
INSERT INTO friend VALUES (89053, 462061, '2012-12-11', 'bjGUrtcML');
INSERT INTO friend VALUES (221896, 914980, '1970-05-01', 'cQwWVUWpZrSmPUhLfEpsFbdD');
INSERT INTO friend VALUES (78861, 955715, '1996-07-25', 'oOqTFwIJtIpDrzypZzOumgeKMHNkcPeleQxhmiaweKebFELFZqUrgLhZscsHLcUxJxASzzNjGgvZBotwiTEelBbh');
INSERT INTO friend VALUES (679718, 649431, '2000-12-28', 'GxEhlPCSGMcfbEbJqBcmIBlfltzLDwulmRSdGHwLRmmdklREJhXkbJwqIVfDXSAEMtkcwhREmGMXnaBSXpuSCXGDUYvsegtVHhrsfUsRNAjaEQYwMBJVBTLcw');
INSERT INTO friend VALUES (499551, 98637, '1989-01-11', 'NQTxDfQKTYghaoEhlpflVdTLCDytAaXXnCjarYvayDcKIwLAAWLyhIyGXvSiquxwVgXRMTfwRhcrSvSpQPphemVnoCaYiNEQqbZHCdlygRYXpUYYDUnfJqWLNezOZZoNyMIISlMrYRvrZSDdjCqMdExCIJQnMqTPBwOUwpBzccrvlybmWXaXJUcWHbnDiXoeZyJXdd');
INSERT INTO friend VALUES (124928, 151840, '1978-04-06', 'LTirlekfyHXUDDGUwlVdlziaGRWUxZeAHQUnnmkUsvrCQNXJoiuZgSpFBYYDHmljxwVOlifsJlPgVosI');
INSERT INTO friend VALUES (564684, 867062, '2019-09-27', 'eKzCFkxNZsKVLCOxCJTMnIGTtJBUjMBjBECwYyZcvkiimGLPQekTBFOwYDthdindyzMpuRfLsTAVKCeYHGAhPEnZTeITdVGZDxreUVTsfoZCK');
INSERT INTO friend VALUES (557084, 819089, '1976-11-25', 'ZcjhgRxmBXhMMbEPKWrkJyffiJOGlLJPFakSTnpfecQYvfMmCQymHlRPth');
INSERT INTO friend VALUES (782721, 432025, '2016-07-25', 'WgcfwEywbtwYIUtqByknLUFCiMlZRSsjpNzweoqrwsHKmObWPkyaAHPSvvYZxKfCxAQCWfCSodZVIZXNDhSWICnIDQuMxYIVOyTTHfBncTPvxesEWVoBdNvlMOBbLnnQntHGdoHAmXWbtcLfKcQF');
INSERT INTO friend VALUES (379075, 29220, '1999-07-19', 'rIFDGpLCjmRKjPKXULgCjSPOWVOqgAPbzjyNVeqidtrnbIdnnEYMcLDasfYHubTCRmDtNuqnWreFnzdvwMpbvbuNvINvxedYppOzZIvIoyXLhMiNjPnoHXewsmdlDKOxFyYDahxwlYxnNryQkLZtthbydJfPdShZazfaxDgUzPBlEITivQISPiLvxugdrSK');
INSERT INTO friend VALUES (819089, 557084, '1971-06-23', 'KRjdxwcDFAXawrYrHQSWRqtCoVwGpQXlwWNmOSRrLHRVWBYljjLuGKsnlLsNEXmAcNWtzRGRJHKAbBCASqknTiYpoOQ');
INSERT INTO friend VALUES (336782, 850388, '1982-04-22', 'qiWGoIwzcUKcGeeKmrMnWxYGvLybcdGgvTxXKEMUxtDVFbVFBPjSxEcGMPPwGYdQbxmiqpzxkBNGmOFMeJuoVYPsnWynrHbXmPMvggwbLMKVs');
INSERT INTO friend VALUES (122029, 770641, '1972-08-01', 'aVBttunfhomBTaqJlXxGvX');
INSERT INTO friend VALUES (311534, 915389, '2023-03-03', 'tWnThZhUYdCMazCcKVpLaAnfKvXjtggNCbBYmEJVUrVlRqvorYVZkQKdLWreaBCKuNvBckCiiQSaMhFKnLzFplpVvTMbwGQoOUgrDHQMTLCAZLtdnG');
INSERT INTO friend VALUES (447729, 518150, '2005-05-16', 'wgfuckJDYleVqkLAgCbrIDYwyByis');
INSERT INTO friend VALUES (518150, 89053, '1988-04-28', 'floOFUlEwOvkppmjDHUVQSGKJJYlOTkktcgjYWnjRIFYDSQTEhHLmfYdGNfNOcDIQBbhmw');
INSERT INTO friend VALUES (769361, 587102, '1983-10-05', 'IbagwgzxTTQQvTxttHDUeTgyqgbupdjAcmmkMISeiQyxcytlPsjJcVicYGoQkWTRRQRPAKFroHhksouvhCJ');
INSERT INTO friend VALUES (151840, 564684, '1988-04-14', 'kQhSnDnXuNCPNhXwtMWvDfHQUsOvpTtLWSplhOXcdZqoQOvntvHrMNoaFgEwcRjyqZHneduhUIgVDecXSXuPBhqlsWSkKxQyvdkLxdSXQLUDVOhmEZeLHnjLEduJGqEvopbBskTeBGuYFXtfXZnJHiFcFOWXJCd');
INSERT INTO friend VALUES (89053, 151752, '1996-06-26', 'vzdzjarRJuCnkEVpXhLoVRgZfoNdepPWxwSdKHwlbBncerknAphBdpzJIyuOVPwxSFTmWhCDwGVowaoVhxDiiiwdAbLjEWTYscyNacPTXsnEcbWLwstROMVKretgGlmpFgaKfryANJmWAlpKDZnutHvpXVxBVmNZaZBLaUDwYobOGKaLbVJAfbGmRqRdYMpD');
INSERT INTO friend VALUES (667580, 855864, '1977-08-18', 'htElzpQYmgMjHGkXZhIqHbqNzAvQljRseOMgXWXANTicEVfpntCjHTEWWFdPaUdNMdVCrNydvbpbHkKYZXSOoofxDquFOHNQgjYqOFZEMbGDrXISkoVKthGdiUWZTkiZHEhHfgaIBUCWlJbZsGyJNu');
INSERT INTO friend VALUES (526592, 174406, '1974-11-18', 'NtlNJlkyQBQfbiybccRRdOxnOHuOCYpNqJvimpIMNEsPWFRBJFaHMEKzegMjxvzzuqpHMvGkMOmLCfJeDLtUkqaKKgaGR');
INSERT INTO friend VALUES (618126, 892794, '2009-11-21', 'tCRHJHmsOMfdAheDjqkDiqEkIvpTTqzgaMNXQVJCNupxGDtYlJE');
INSERT INTO friend VALUES (518150, 850388, '1992-01-07', 'rBZiLxZJxOuPwPtMGNEidWpOVvLXyEkDThjiwSNHqVfkLPieGGbiDCHNeBcYWXXPNrNAeYLYCSUgDfpdbiAaXruqBbCLwWcROsWCUPhoUoEWTSMIIBaneuRSPjUXCKraSiBpalSXZqmKRfyBQaKBrsPWItbHIOAfoJdENPjCwIec');
INSERT INTO friend VALUES (71971, 336283, '2004-05-11', 'IIyrsOmZyAtvSROaplvCBoZneHfbGYTFxlqgyjxcFIElQzccbTGTaENkOxXAEyQeFomChzTIAuFofnwUZjISaLBeRbaJabuBakvSYNBjuExmdnyJVCszyGyFqeFHKtTgmslEnGGXDBoTjPGhucneSbgRKsyNmzzzKWjCRlxmIOvYTjbpa');
INSERT INTO friend VALUES (564684, 499551, '1991-06-30', 'JXVEywhcgZGmbwXmlJxMFuEtuCzFz');
INSERT INTO friend VALUES (248990, 769361, '2005-03-13', 'qfXavgeiYaRwKLMQDpgzRkhEuyhcaHKrKZzJRyHWKSQqThcaJZsm');
INSERT INTO friend VALUES (336782, 836738, '2020-08-06', 'EpvqLWhipOGBmwYHhYBcPcBjYTGFslRZPssDtDlolUFfLpvOQsUaRPuGcIBnwDhGKiTjlRWELMEzRzGWePfkJhUR');
INSERT INTO friend VALUES (580581, 98637, '2013-03-08', 'ARHdsIeSxbYXePrMdWghFpQHsMdPAnDFiXtzpHqWzSjHvirtUVpCDWzMyeueLmuInNvULvdnnFFQByewkibkfmWtPZVhm');
INSERT INTO friend VALUES (489866, 769361, '2002-02-24', 'VqRMEMGTdipKPfqUxwBBzsvUH');
INSERT INTO friend VALUES (293756, 432025, '1978-02-20', 'MbaeBXTeefMAlvgumfbgJRbhfGwssKbsaopTRBJKCtVDOQadxnXhXCaQkflQUoDjaVdiVCtGvVxzsQJzfDTdxSQDCldhnwZuwrXzLlKSbXJFqidbRdHgzoCqbHSpkLAnGhwRNzMmbPLOzJpWVVosNHLvnJhgPyWRfVeEswt');
INSERT INTO friend VALUES (139411, 719360, '1999-06-01', 'lrWBWhpdVezPThExSxfhUCokhxorEtLaUMQglFYOFgMyTUxBfRHP');
INSERT INTO friend VALUES (499551, 432928, '1984-02-19', 'FZfJmRgoxwytIfWymOwLRMHycXhbNswPgPyCwvLnryRQrItDphYqZJXGPpgzpwQovUeFnfVqvhoENkcdaPAoaCFWZrBihDdskVaMtayzxXeshNOTAqwSYNCNFNrjqzdVPEfIbhlVRibCpmTIYNwMQGoPhWOsNRljNTxvwNYLtY');
INSERT INTO friend VALUES (37446, 918931, '1985-03-12', 'YquUMuneqzyGvDXYMWErRtcMBcUNqNWlIIDtsWsKQUPiADjTwAtFLqFzlvNKXUqMkINzuunmofnyZuRxsnClUfiamnDy');
INSERT INTO friend VALUES (37446, 29220, '1973-06-03', 'HcWkEbjLmqALitBYRnTJKbgERiKXZLxKRzPQTRvWPIrgnzTXdJCYauwDQcrKLDsJbeoKODKJCYncpqswjxElpxqYOGaHwvViMrsXfEQLgojzDwYenzwfwfbVUiqQEVQAoSgWCalSbkgCQUOYseOBXfVyrXQwJHpTHQSbfbGnWuEqSip');
INSERT INTO friend VALUES (625797, 458366, '1993-08-01', 'jcyoduDnUlBXxGQIONUKeVpCtiIMgAoCGlTcUmrdTtBsOSSKZKzEfreMNNajqLGknaxibOQYTcpHGnsWCgLfIZasQqlJibvjkfzLZxOTOhxXZpFeZ');
INSERT INTO friend VALUES (985284, 174406, '2000-11-08', 'xQvvyZKxtlpMdYoCAQRpyTUbmrIGspIgsAnbKfEPRXXILKGiFbagAjcYrCPTOGfECjEDwLurmplGLRTutnvVqLijzneEaTRZUKCqsagUUuPyAIQbEjiXIZmqg');
INSERT INTO friend VALUES (770641, 955715, '1993-09-20', 'oAMUPwTNeOBxcWILrFjVGDSFvGjTLxaGEmCzkUilNKOeVbCBJpPyJJztUzUwMKDPMygvReNsrpNlfsHVkPpzuSUKnsVYsbFBKCNjOXsNONlmHtaNGdFzjmChPRiGSgJijAEZeWEHtODlzpoeOiULXgQPNgDTbxMUJehIbeTDrpGPeKlwkOVbVgusPAzbEEhklQW');
INSERT INTO friend VALUES (59870, 618126, '2006-07-10', 'bvEVVlaIcirunZKjeFmTHmYdVXTHezWdlriySJWF');
INSERT INTO friend VALUES (305948, 587102, '2019-01-21', 'tDRhTAWYtdKhPQdLqWGlzoCGQRhSWqESKCBvRUTrShAGObpbxTYxeTOwcVDaVvbeSohTYwhyAoX');
INSERT INTO friend VALUES (955715, 432928, '2015-06-12', 'FtpNpWeOLjJfRyVDtQubxtVpOwojbhxdWAOtGthFZrPsMHRzAUiuaVljxclPfifsDWyIKcZqnVVEHRddOXFcGAQcqQpNTCVAsqtywLgOQteHzDpthuVBaCMcetyafRCzFgZjOXeuUOnYsKYpsTusPa');
INSERT INTO friend VALUES (910507, 782721, '2019-10-30', 'FaxCpZvrgOqLUmmBgjzXNbuzMKosQtXKPSXwShkMTwIDCxvLwAQohasZjjcnDbPnknWfDVTXArLdBGNwQHzIflheDtcKRrQSfltIgkvlmycNnBxJbcTjpdGyaHUVeqaZlTQNUjJUUSzIYALQaMTNqNyZBVNRWEusVnrsrDK');
INSERT INTO friend VALUES (914980, 305948, '1992-07-25', 'THnnWOUsHoXdQWxrSToQFmYajardhwkgKIqidEXHUloJgJGjDLLfGMRHWlZKCdXGpoOmSfZrNjrgrEdfnQEwMUNNPXlMEJIJTbnWvHtuBYMbEfdlDfgKyhPxNWIyeZVWzEDMvDYI');
INSERT INTO friend VALUES (914980, 972494, '1979-06-13', 'TXIHoJbeLSSzTAtSVyNqlCLwdfsBuMPeWdEulbepwmdBqmsEvVsPBwrdWqamfgkvaMComTZCVvlkSgFdqhMGLLZjRylLxuXIhmukMIUlASDhNVzUlFfRyQKNoepgKQWzQYhQLiRaFyNSDSEeqjYugVdMzOKFMpibGSJSWOuTpUxkaPZQTacqQgEjrRtvFddtomAwqZy');
INSERT INTO friend VALUES (221896, 447729, '2010-09-16', 'aEdbzAVllqYnCZyVKIVgHPQXj');
INSERT INTO friend VALUES (910507, 618126, '2003-08-27', 'xmyUUijrgTgkCYMqpmYhpTCuEbFEZfgVqNgDjkdnLiGqKrHohNBiACobjCkOaSMFJMIUoOlsgciMfajFdyRzPYjnXSFiNKqcGJqpmtyJFNHTzVESDOxeCUgyVdddQPQUsSBtLk');
INSERT INTO friend VALUES (518150, 124928, '2022-05-03', 'uedzidYVfuGPojmHYxCLvEdAzHelCHOgAWDuPijJfLumeOFPeuOsREeUdFmxWZoLOUxpaOoOGQYQqzaQUwjiGECNeePeDjQusKUaqUtLPVcYmzjNjthYyKyETWXxECQsUevpKforcvqcpSJybqRoEPIDFPDqHoDrwrk');
INSERT INTO friend VALUES (201893, 336283, '1996-02-13', 'FziwSAmtNMnQpVSyqTQlzwvjwHPwpnVukezUElilWwePROejATAwsMdYcqscniyBhlvlwatFMTULkskVMksjSuRfwwgfvJk');
INSERT INTO friend VALUES (557084, 458366, '1974-05-19', 'SGNnKMhROaFLaGqiUiceBzogGyDcBMBknBeaBTXNoTMZSvKgITyOasjAvEfiApfOOPQnrSUnCQeOpsRzenWFXINnzKqJHboCS');
INSERT INTO friend VALUES (191126, 311049, '1975-04-18', 'mnXnOJqxvnwjjikleqXxXKLokGoFXSlUUwgmrkTREIHweSUyKFbSyBHIlFrYiRVGUebVfuuGNNEnFslLiyOJgWDFHd');
INSERT INTO friend VALUES (305948, 248990, '1973-05-02', 'xHxPmzKXYAVskVpAkgAkDhXojLMEKNBlppvLwhZaTAoFkkBKBTybkZwhELIOzSkIpfbCrXZJhRsACHIDqMVpZYrVxAPgQdRgdfOyNuIbPDAklJSBBYGkeRrrrkPrEFYzajkXcxyjOmCVQAbTTwcn');
INSERT INTO friend VALUES (458366, 447729, '2005-08-12', 'QbpQhQCHCEpYjcIwJsxZZRhbXdUgQUToALKWLlaRhtPvr');
INSERT INTO friend VALUES (827708, 934665, '1980-04-08', 'isWGjZQhZkCoHLTwxSGcxXhxpjJCumfUxprjQkwPdgFBsdgcIekNsSicDNMRBihzbkCMpbYovllTqBREmbqZPhbrffvvlZXwPCgasZCFVEjYzkEozEwZvNzqySsaGFmWQwk');
INSERT INTO friend VALUES (819089, 768610, '1972-11-15', 'XqcOsConvaUhvsivzTuHkRdTxPXLqtqpkTOCuyzTSlioiYgYgzBzJaqbGaLRLPXhVHQ');
INSERT INTO friend VALUES (344417, 311049, '1997-12-31', 'eOIzDamIABDEtzSiMBzMNOCISvGTjvFsOyzqGhqTTAPryytU');
INSERT INTO friend VALUES (229173, 603303, '1978-04-01', 'KOkeIQBHDyliptwJDgngHNnEiMwVZCUiyKINjf');
INSERT INTO friend VALUES (373260, 174406, '1976-10-12', 'AdMcAogJOnfLscdYOrRlYraAwmmtWraZbAqTNUQTqRtUTnhNDqMteVFDlggJCqKyBTkOqSVablIgQbvaFqjuPFBiJrfOsrkeDUGzOsCJUolsgtIcseJKnmsUgTMEhok');
INSERT INTO friend VALUES (782721, 972494, '2000-01-08', 'GmJZSZlDUbJVmiJzhArpUCYSUetFrXPRkKPABzKAsMgUXcFsvIXCTFpHuxsWmQUMMNfAseoQdVvQlvuLmbBsTAYlmt');
INSERT INTO friend VALUES (24245, 311049, '2018-03-18', 'rSrfYdQtnsHDcMjWDTOmhMjASKpQCSINXVhMoYRBCZHtfMGmlfTwiixpZETWMkmItyDxhscRkDoOokgqqFJzHaGSulDbYJSErWSJPcNWMQRLmsMxWKsgZdXnyfNMlBUgbYflxbvIWwea');
INSERT INTO friend VALUES (462061, 7883, '1998-02-12', 'FNRopGUTLeTbwOWgNVqsUvCCUeGJbAVmtLDLywyUBpWQOmSGOgHThOPYMNvADVSgxNHqMUcmhlEWmkKgEtdNHHLCdKnavJxZxaGCCpfLxpLQqUdbwiavAZRnaPAAxVnuHIxpcmssuGwIdNx');
INSERT INTO friend VALUES (860233, 855864, '1979-03-04', 'DvNNPZHjLfzGgpkzTWFYHpUwczwvVcvxnPJcMmgSHGeksUdyqHrtAJBOMSKtcA');
INSERT INTO friend VALUES (827708, 98637, '1981-10-14', 'KtRzHxFgUDBnjRzjxMzwyYOnZFATsgkYeKSbafljhpWYRTBtbQhxTvRepjcHlzfSiPEYcDFvEnDZZtVHqkwByaXXOOqOOrSqUCcl');
INSERT INTO friend VALUES (737290, 769361, '2018-09-16', 'mLjpWyZTUjftJitEGVGMoPnodEnvqHtknDrbUyXgduhIpQlcNucQBjuQMvnfppqqqQifWdREbvhIglCQjEAo');
INSERT INTO friend VALUES (564684, 860233, '2005-11-24', 'dnrjWWzVCNOtYIagVWjNBbxDLRyssscVYvdvyBCMIIGbpmIwwHCphldoVKYREjuyAVNOrMtrivspiObRPPDtfJHadtNVxLUYsNrMKqQZHOgEPeKhQylrIYDrsSvIBXvloqNUeYxOYGQZIPopIhxbIiAsddmJiMrWQbuWNablzVxOWqpifum');
INSERT INTO friend VALUES (557084, 934665, '2005-04-11', 'oHZFkkvuknepaxgnqHaYKtTJtnNbIYzn');
INSERT INTO friend VALUES (373260, 139411, '2012-01-27', 'PanHcPySjQNZVbddckewtpSKejAadYkphaCdeQrbDSn');
INSERT INTO friend VALUES (229173, 201893, '1976-02-29', 'gUKBrmhadJVTJkDruciLbAcrbVyqCtkr');
INSERT INTO friend VALUES (218904, 618126, '1975-07-18', 'xDHkILvuMcpeGbhoWfDhQALMuJJegMlUfvTAvXfYASruIcrFvpGQYvsVZBsVSTkXnCTkETNEdMSbidwWKfhhYWfTZImsnyRepMFVBJonqzMPkbTPXvaxmhCvI');
INSERT INTO friend VALUES (770641, 429124, '1980-09-05', 'ScPBoWAUSlxLWbMovcConmlEresPZeObukEyrlfMkolzXsMeNFDfoMcZHosWjYDvzCiiCsaoaSgGwOMyzkDnMOeAByBwQidPajYbQBoYMEyqoCXJkokdLMlidXTpBibmApkelLvlQlJHxbDQTHIMfFjyecIPLWRuFssVHetTerGUFmMfMwHIpSYXGjM');
INSERT INTO friend VALUES (931991, 995118, '1982-03-26', 'LMHwCjHNIuIyDBEStfmCZKtLamNHEQYijykrOxNQkceiOnhfdJgSBITCBHiQlBthmhvxFPxAEDVFktKbnjayUzYdhMiCtmVKOXru');
INSERT INTO friend VALUES (458366, 757547, '1972-05-29', 'qHfZBVgsoQJKhgSflMCOfffEUsNFcPJgmiOHANqOqsnJpsdpxzbCaPjHVVqAfxbPRypeQGBuNjVINYNilQLQNmNccWtcOOLthCmWnXhljgoHzIkYnHRiDC');
INSERT INTO friend VALUES (226225, 27876, '2012-10-20', 'oAkzwphoZIstMfNWCTCOQNAScZKxGhTK');
INSERT INTO friend VALUES (489866, 831345, '2001-09-26', 'qzQJmwHqRqoDWuLTJcpIujuVntkTRaVBnKrcotGrVIEoxaFfrRTTqSiBCsveGAZeIjdUlVDPHxvOdXkMZzAMPwOBkueKNlTiJdTVqGdcRfEVnkkFCPzJZFDUOSDnCRTHTfbMFuABCxEeLKJpdVbqcQlvogmGGMLQGmESPVVqjuUKlGxJWhZWdPSLyQKoWQDF');
INSERT INTO friend VALUES (842625, 7883, '2013-02-12', 'ccrHqYCAPvkJZ');
INSERT INTO friend VALUES (564684, 373260, '1978-06-01', 'DupPchdmLsPhmeYrOGfeYcvZfBTlfLHUJGumbwnynDYRiMKRlUToXeoGFeJJZhWzAuqeGHWCtceNaJvExzd');
INSERT INTO friend VALUES (89053, 218904, '1974-11-25', 'IBjTRPHtIzmbVctcDQaFPiHLjUqMfWfLRlIVLuDOnTBXtsMRBdTxhjlneljDSVWNRxwsduobKTonUktiaLzhFyFPwFcJszWpjujZpOsJ');
INSERT INTO friend VALUES (552361, 122029, '1991-10-18', 'XsXyHGbwVkTtyzKvJYSGvOeJmpajOYLgIITLzMFYYiiUEWdiOLNUjRpUWxvbEyTybaKQNFBxaoEmeLUCNRvWsZOnznwHMdPQGRFeEwGBsSZveCKvldHovabAZxFeeKfuTDTHxPDvoTmpdHtHoIYkQwEKkgUpKJRVQehRYDyjSYsbDVIcIJQDzFZIMqjDgK');
INSERT INTO friend VALUES (221896, 842625, '2015-12-15', 'XUZLCWpdOGQkrqWJjOXCkHYnHNndwALepbsJXOtuHIdebSKTqpccNqrMCwCgNmoQKsRyqdpXlujfx');
INSERT INTO friend VALUES (98637, 972494, '1983-10-03', 'szjhQLKfjswUNRKcIzHBuVksXPaOPVTVauZCGgNlHuUYosNyTnVkbWLUpFWoTxMNFrbnwfJLjVkZkUBeVbMiXTcYpvMFHwEaSKsAMrDtlcLIVnGNKRfAsRXgLFDpWrcWWQglIAPIdVKtSQSYpHDVcfwMJFSufOnZurBTkAvFHZIivHrqljkkFhkcK');
INSERT INTO friend VALUES (148179, 142675, '1976-04-13', 'FMOtwpQFqNffOdgZhNGwbEJhTqNfPGLOrhEDFURWRaZpsGonSePHuImFaaISwAbAnchUwbmrYRLufsQnJKGUbLc');
INSERT INTO friend VALUES (432928, 867062, '1996-05-11', 'ueLLfgALUPkVuIhAdmtgDjWZwqVvkorYBmdVdmnlkDksZDgAclFWUggA');
INSERT INTO friend VALUES (305948, 757547, '1988-01-13', 'UVBFEFeJDpuqnSaaVFOAzXyTBgVHAWZUFstSAP');
INSERT INTO friend VALUES (883372, 221896, '2021-12-16', 'HBEkYpeRzhdDHsbTQNkyGTiFVgdjVGKrQuwMLezjzWKdFUbWYXYqyrkXlxpqmwHKSXyQJhosIYkrSwHTNRFJWocH');
INSERT INTO friend VALUES (7883, 587102, '2021-05-05', 'GIuraxYswlUDVZttScNAntLVAYPpvjQEJnhYciEvOQYbForKDpbbWtnABJSUhTDNQtizfavLFJmyKBqVEsFfsdxLWxvefXniAhxKWJUqWPsBiWyaHyzLBINNbjJnWDIVAQCEvAaSTcZzDVDbZpByhmvnHHNjhMuUzAHWRAswlTPnqDjknINbjlUSa');
INSERT INTO friend VALUES (399253, 254872, '1990-05-18', 'TfdakFMjWPonEKcpJuCWWIpWHroINexZSVNfjyCiJmgRFGBdipicNpUGbkZZPzUhWnwdhNZNBqtpwUwjxBLguvgeatcehhkBZkpatJTUgYUSSoLDWPzpBJHRBmupHwCnYIbANz');
INSERT INTO friend VALUES (955715, 667580, '1982-06-29', 'WLcNRWbzQlCsqdDRymjjgnMkLCDfvpQnvQhYTUNtYGaekIDrATXNlvhbQPrYTPjbcjeYqSmdZKgOCNGoKkVMOyiqpRSPTARKUCMDUryBrGlSLAunh');
INSERT INTO friend VALUES (489866, 782721, '2019-03-12', 'gnOuWsgFYyqYnksLPxZsGpCJcBXStnaMxYNMqGlwCyS');
INSERT INTO friend VALUES (462061, 901528, '2001-05-10', 'BEoVSggSoGxASYPyPLgzPec');
INSERT INTO friend VALUES (587102, 892794, '1991-07-05', 'qFnYSuxHEszOifWxlQXYVquiQbICIlDleoulKEzRVyCEugMdVEoFVoGCfeyXHESuRhwtncHzCozviAKJjYFuTCWeOYydpgMuTcjWLixhCuChaDOSQfWaSftqDeKIPAdqrOhQlfXMWomDkMGHERAvvqaHbmUIeCnmw');
INSERT INTO friend VALUES (842625, 174406, '1985-08-20', 'UQFAmAeaRCvundT');
INSERT INTO friend VALUES (931991, 122029, '1999-06-07', 'braEZcpdPSddadLjXEqtOXSNBssouQPJLgUxSbnWoGPHxnyrqvFVVWmjWyEGBKiUaMhOPQtoEqBeQkKauyHybyzVvrJLAgORwBaTxTKzxABfOZvxKoMCQDNOTchEBkDQvbXKhIydUDvccbmtMbkARgrriKKZxUQQEZqNydhmNvxgycfX');
INSERT INTO friend VALUES (148179, 293756, '2001-10-13', 'dQgETzVZvuQRSWEBxOBNJehvZxRLVHLvyJanEXjZacuMxsWXXSaOvFUkDuohr');
INSERT INTO friend VALUES (518150, 151752, '2014-07-17', 'GFGpCzlKMXQNteNNuBvOstcHgNpVBtliLulhAzGmqGTMWHziGdgMKbsQVBVbbZdcRwuwWaLfICfHsNiulTjlJzrHucWXyuccsROBEdNyKHITyxKoWkpaXLqhIfHSiBjveMyZqbNwOCuljORexRwkGMQnTlnFYMuZ');
INSERT INTO friend VALUES (191126, 379075, '2006-05-10', 'tisXcKAXACaewSJvUQYrYZq');
INSERT INTO friend VALUES (139411, 151752, '1995-10-08', 'kvKnrCfEwiYraYRaAzPTtpNOpfBlXHeXdiIGySurcfUIUUnTHCGbcspBlxbJkzgGsJsfGSzUFfExawSXczTvDsnyOsHpQePjoAMfQmdpkw');
INSERT INTO friend VALUES (139411, 587102, '1998-03-24', 'ipBGpVXmltPVwVdjPsrwuFk');
INSERT INTO friend VALUES (59870, 373260, '2015-11-12', 'yigTynyCkMo');
INSERT INTO friend VALUES (836738, 432928, '2002-11-02', 'EHgmsUwGcmaQyfxbrRDKKRDragATBzLEteqNjgeOWjmguOcKqihAjJnNkFSGEYggVuahcHkXCTtBwucMwyAgFyOqlmzTyxZqnbFRjEUNGjFhAYbQXJdImXYmvBYkvWfuviyKXFIqeAMhyLVApoQlALWPSQXKjtRvRbvR');
INSERT INTO friend VALUES (311534, 972494, '1989-10-13', 'hcySOQlUeAZvdpkuQNHEcmNcEiiHdYd');
INSERT INTO friend VALUES (311049, 587102, '1973-10-04', 'pCQphCOmRCQdwHpbEYqtoruEQaqAIGyiKpcNcjMMHfmGhba');
INSERT INTO friend VALUES (850388, 557084, '2014-09-19', 'ZYBCXgGyqVgEWohvVIvJgkSsrLVDfisgBlPdncZqzysqDScAxGCqhVwgFHucHIWYlZikXVHwwMuBuLsqSviKEpbyAyyLanQzgbyfPmhNfQweMEfrIJzGYGuiFTqZDIoNftBCJzhBkHtRidqGKqATTpMSOYscZBbVvZcIXkJKZyGBTvOZVbVqmwYBwtQewUZgp');
INSERT INTO friend VALUES (895673, 993662, '2020-12-22', 'VJvgwTCjJaXgub');
INSERT INTO friend VALUES (552361, 27876, '2003-05-14', 'qBGBlciqcJlzBDqMxMFSzNJNNkUjycwJdocupedLBtBmeIpgIEAFLDIpH');
INSERT INTO friend VALUES (892794, 782721, '2011-04-07', 'FMeoboxhoPESuoCEySPariSSKUzOLnxjzHWIcAVmlIzBXZqsVEhrNVLFqUsyelPTbIFsoeSDIAVSMtqMYWTwcXuzPRJaXoaKGfqHoIhRazquHeWQausGSXctVuSwsHjNOacSgWfyCysOaNrfwU');
INSERT INTO friend VALUES (389782, 379075, '2019-04-27', 'QUALafcfGlmJYVtQDRpWaPpHHEnRiQWAeJmDuXnPbMWAemHDMWbKxKSfvYrzWKgjFMYKDLdkZJTuBuMluYsfRmbKnbeDIjLdUEXznvJhWASAoTVRVuPqNlBwnRmLOgQRZqsInHeNNNNtjcdpbVgfdCH');
INSERT INTO friend VALUES (293756, 892794, '1993-10-15', 'wIAOZtzvOJRPAxNqYyzlrHwsDkjPLWzzWDcoUWgIJYjlzlfwzinAvEMjgfcxckHqJgcpUuRaNbOaolmKveBbDhqsISUAD');
INSERT INTO friend VALUES (452871, 842625, '2008-04-05', 'KODuQKEOHI');
INSERT INTO friend VALUES (518150, 336782, '1999-05-09', 'VavUJqOyTjchZdcFBOmDNGBNpzdGyPhSrnKhQdOGupheOKteGgJyQuQJXmwsTD');
INSERT INTO friend VALUES (27876, 934665, '2016-02-16', 'CbNXjeQdfmNaucBrnuStjRhUOrqWQvYvWBnTjNiQOdDQxJyHi');
INSERT INTO friend VALUES (24245, 831345, '1992-05-03', 'TGVJBwAoAOivEtkHpCAydnQhOsRomzQufkMYzOGWnsXRunhdkxnxWprXcvBymkdkOmwiVWyjrnqDvMeDXIyPfaNNkYiyTmohzIqfVFjAFOFLiOLgzYWuHzKEjYSdwqLSyaJCMOAxhoFyQJArlBhhAiRpOalvjQQsBWlFVjaiAAsVgbvhvPUcGLzCRox');
INSERT INTO friend VALUES (221896, 71971, '2014-04-10', 'HePNqjZxPUlrHwwBlSQgBjMgzDfmVtJfhqhPXpQrVSKsPJGPKEdkOAWITXXWVbzDUguGLxhRmTlhOjVDlMORrcqNYprYCMoMarSxkkoIrVkHTvTbdmkJEAkuTYjHDdOAclfXTwMpxYaOvfsuZOnuLBcjuONlyxZZJvTkkkbCIeGbjCbU');
INSERT INTO friend VALUES (10266, 7883, '2005-05-10', 'SekmEfLMKjKDoQfqzFJnlaEiBkxXlswKlEpuvzDZBueKLfVVDdSAfARMrTPPswxKMqrofLkIwfXQKlKAbuXxFJzNoepmNIBFQUeZiVJITbRFXqTbnnvWiBejnLVZLXEoOoqtzIHz');
INSERT INTO friend VALUES (649431, 770641, '1979-01-01', 'NMZAxTLswHRNCswXMxoHJTFiZGsXDnKCwTUPaLNMKTxysiqNgdCSLAmjfeNZctyQGKPdDyuuwxBdLRTdONIzcojnyTWKjfrvkjJqJvzDNGXAIigQIKLsxbtDqwFtWtyIg');
INSERT INTO friend VALUES (618126, 447729, '1997-11-26', 'TnALcRtwnfcHUVgPftE');
INSERT INTO friend VALUES (311049, 489866, '1982-08-24', 'llqdICVdEFBPrPIBJNFfDKUNNbalhWtHWpOXIAlZgqoRBRdmYyNmaFrwLHfxNKvnIMXFSAdbXUURqfO');
INSERT INTO friend VALUES (203939, 191126, '1996-11-30', 'ctzxLKbAXKYTnkZrJnFIZLcktvIHNghrrLUzJFelAxGVpFmNAIQsxdeFCFdvBjETMjzrEawZcSiptdEvVkXMlvCPrhWxssnWbGkgtPvzUxEEiGdQWbdBagxweURKLQPmnZvRlVetnafIWrjkzwdtfcuHhRT');
INSERT INTO friend VALUES (768610, 580581, '1983-03-08', 'MzqkRwPSL');
INSERT INTO friend VALUES (429124, 618126, '2002-04-21', 'JnPhYGZoUhsJUVRBCBQSZxoXDSjwMbHTwtJezXHuyIIVhgVKOmEsGmQmkRLtJoluPnudClZyPlXETQvhaqLPawEP');
INSERT INTO friend VALUES (581300, 679718, '2006-11-03', 'IQUUVLQePKVUygvhteOwNHvGtrdraBJwCSzeNxUsiEozqjnfVGFeMjfdECuebxQdZdPtUkIQTlsHTqHPUtVUwPxCeJKKeRb');
INSERT INTO friend VALUES (151752, 855864, '1985-07-14', 'xQJJaQhuesFCBgOCkVfQNRksynMbeljiudvHYuEHjnbqdbWRBHRVJRPNoMaQoWIqciBUFqxXjQhbJXcPqmShtzsQNgzAqkOrvVFfpLlFqTIjtITdpjzzEQrKOPccgMsIeRSV');
INSERT INTO friend VALUES (429124, 757547, '2004-09-16', 'NdoDBfWRDkNDYMDFFaxipEpyQlsfmtKLXGamtQdjwbMWLSeDLiYrIWlnUgkTtTgMfGYOiysYInacUMAtweHMMUwPljBbnHcJPbnLSswcJGOhTLSOTTTYsqizjwMyfFvyvrVCSqmaAMWDpLmsPuqvcTihzUMFoktIveWDmbNGVBFjmJeSguPBmsVGKDx');
INSERT INTO friend VALUES (151752, 649431, '1990-10-03', 'UbxAZNcqa');
INSERT INTO friend VALUES (770641, 336782, '2014-08-25', 'XNuMoOkBEBScrwSlEoXEBLViNoMIFbnVZMNJgOVRYvuPnjWwDgiFZaXtXNtHZUuWSuLsUmyPcSDQzwneIbKdIikZHnNxrQkfpidrqJSIFaoocHSIygaHSTGtxgTTIfqJEtYhYwRArkoASwSPtQEKqVRNyrrnvTrtIgzXHZuljcKVZGFdbnkRfrJwPpJCuxunEyPsGpe');
INSERT INTO friend VALUES (618126, 148179, '2017-04-26', 'AdfnBrYkQoOcasvoEuxfrKtCgmLTIAGytuhAuOYsnlqcAayzwhYhAsFWMeoSMTldhCmoGEYOzAJTrauHJrZgoBUCTTzRCeCWgexqABXkKpRJTyWGrYxXkPImGKSSGAXAxlzkyaTbHujHOOIPyqG');
INSERT INTO friend VALUES (389782, 744940, '2002-07-04', 'MsXbpFlMUFTMFNElAqtjyPvfDNqPUiZiTfQZTBpGaaeEzeMyVjvBOdxejQOQBNnpsztWGcZGhmXBMTPPrKmOl');
INSERT INTO friend VALUES (667580, 311534, '1981-01-01', 'xTuNIJbLJaQcYaZKNXzleVkZNnPcpShXxeuaCfmMeuqdQvusGriLiaumshpSIouOUUTEssgklbdYJWuEtacckTOCteEZuROZEDMAxzjruVEgsJTluoWnrrX');
INSERT INTO friend VALUES (931991, 827708, '1982-03-21', 'EAZLQSwezjgJfLvrTBWpkTXmVsTcFlCwmkABkfTHQReqtpmzsEyoYRaQfioLfuLPNJgLLYFIhkRvT');
INSERT INTO friend VALUES (311049, 389782, '1985-01-10', 'aqrZmdKqIoHHdFGwSjcQmNRgpimXNfBREAUXtXqVwsDkiSYyFFwhUzFYsxLokWCkKDPNxawTTWbDiRAspypfaCnb');
INSERT INTO friend VALUES (221896, 831345, '1995-01-04', 'XjuOhTtQEeuiukjlLTsXveSSXeWgRZBDfqzwSpKTKycjdTUzULpaPhzRkbVYOSXUjPyYuQgdtJjSpHGVF');
INSERT INTO friend VALUES (432928, 89053, '1974-02-05', 'DqiaSpNeeSUzqiSqhXNdvXqjrYMzddoJuLQOEAbCvQTNuuGxECqGqcSBErufDeADaGQalmvdTIMLNeISkfjXKZpAdCQyLdmdeGqhkivoioZhigCsebsQJgnFDKOePCYLiNvBzFyPpKWOcUAPpvkmSWokWSIYbUXzmURIrhokcoZQjpQ');
INSERT INTO friend VALUES (770641, 10266, '1985-11-03', 'rZJhWecdHZIDfHFlxVBezDcoQueKLkZIOIxoNoEBtdjMdYmVKUe');
INSERT INTO friend VALUES (901528, 311049, '2012-05-08', 'DnImXhxyQIwTxhnhlbcoxQJLxWsZSrVFXTbbrzvA');
INSERT INTO friend VALUES (679718, 432928, '1978-06-03', 'FhREVbkAhbNFtinBohtbeipodHaAowEVYcSkflePlYAQIwokQOCwTUvmjZKUHgtjIKYndfhjclMpwnkdYSbCKCJVqdwvocFuCkuxOwMUaqsODMWKOemIQJWfjguBaAFmoEgogMkOE');
INSERT INTO friend VALUES (901528, 10266, '2022-02-15', 'zbVODRczhNvhkOkssbZevCFlOaXpyXOYFJyOzWbtapaPDOarltXfwUiZafkzuXanGHjLddPVPHwQQIlcoPucnjTKCVdMaIDNXcJLgPrGNqeZeuqxSIuKPSphISrtOXyIAAOPcIczqyDQUYQmxjbrvPcPOrxGIXQDFoNgHQIwfdrbPMWOCWVQUuEjoeQFipAQ');
INSERT INTO friend VALUES (499551, 373260, '2003-10-06', 'niijiikeYUOVioajlLQQvvyhiUtfsVceEDyJzZhqgaERiiCuYHMUWxrrqGCStNVrqHeDYkdkBSryrDFZnNcBO');
INSERT INTO friend VALUES (744940, 855864, '1981-05-11', 'VTjfFQBwQXzjOwCzLipxurZgBbexdTKOQcyIIagfmjoSZdmUvNDxqcEehVzhYQVxTGFEuhtnjeSAyxSliZhmqT');
INSERT INTO friend VALUES (248990, 229173, '1978-12-18', 'djnbtMvHjljCimBdNMxINgBqUTPiWLTrRysUiSZcLfeGJXIMkwSYNAcNHhiQkfJlQeidBAojbkhbdHJkKrtrthzfldDQGHKOiYTYfwCTxoYnDSPWXfnaROaJWshMHilZSAYACLDrgizphaRHZqjUiIIiNyeXfCbESYQTBrSfKDQKDwvycWpbEnGBYWcUjpIsY');
INSERT INTO friend VALUES (827708, 667580, '1975-04-03', 'vjdMykYyQfdIXOcXogYnNPHfldUOAsTENlBjGXHtLZpjjGoScxhsQRklmnEWTZXtHZhDSWXmoIncaEOKFEAJOdHTblEorKvPgWizHGWzgOzmlBWTdGcYEZxsFhDKKzRVScSRQTSNExwBZDkykHwtrGpgWioSlvYPOlNPajfNddePbsdGUK');
INSERT INTO friend VALUES (226225, 564684, '1988-07-02', 'EFYeIofZOmXaYYBKisfxgrgotmMWRFXTMCBHCnuWVxKJouCBpSGKayjPZQBdbkvaoEXaqHGpnjtJOAiwNpqqvJBJJiDBlCBUvVjWxkwMIYfSaOzpyqCNSXrbxFQztCAIRLmHQUArkxCxShMXCYgBNqSMyRdrKrSgqnzJwwRAWMMkUwj');
INSERT INTO friend VALUES (59870, 581300, '2005-11-21', 'IsarRMzRvPrLtELwCEXoJBhrgVJDfAZaHJZtMjogJjfUIheAvgfyBbGqpVacZoWcZGUdseeCqDIBPCHGFRGuaIoZEPQYRzgCQgoCUACqoFefIunBqwJfxo');
INSERT INTO friend VALUES (901528, 831345, '1994-03-09', 'gvaritNgPpMjkoUpFqXgHNXRzhohUjGUtDwcqtfQWuQAZaeOhnWugorgGFIlOcryZAPbhOjYAofRpqhniuxiXkvROTqrWGEDYgvBamtVfELeamJialJlJmmWdPvbzdnxkKQYmbnPGWyxkXJKnfdWLhebTECgmQuqgCwY');
INSERT INTO friend VALUES (625797, 860233, '2005-02-15', 'EAkWRbBqoiONxGTrCtSwFYoQbmKqOrycSZwXImFXWDJGdqeRVYiosnoJJkCTEb');
INSERT INTO friend VALUES (98637, 895673, '1986-07-28', 'cBMIsxiTenMyEFnQAbKTpKPmiASPOnlnQEhKFasqmlMPdQuCpZBfDudugzhVNJZlASTUDtDhFtVLQRQQhUKzrpoKnovZSOqiXftxyEngMTqqHlvWjMgdOVgKhMcmPAVLHRgJZebwoScLRftzXrwnhrsXXyXWpqqCODxNtFKGERWmDqDBktjMVDEhMwJFOY');
INSERT INTO friend VALUES (827708, 429124, '2012-12-28', 'uuKATRKGnYqGUcQqXfwOeNtZxMsagzZtwcrDcqYEAZRabKeiXrJVKKeWOOIZzCiZEEJtLyqyVBOLzevhQUhOFXdOEEe');
INSERT INTO friend VALUES (78861, 931991, '2011-03-07', 'VXWhkyIqxlPnhBPJtFSoELsMonOzKnMDWxmBDjUbnUandCBlZjQhjQfQYqEotRwpSPcJTxVGOwIsrPALSJsKQvzXGbXxoDCjDTdFJGheYSeShBeqEdvTytTpcKjKBNGFxRcGLNTKUbcZQTDeXDVZBxvOhsJoVvLfHgotop');
INSERT INTO friend VALUES (389782, 253302, '2012-02-18', 'uuwQUGYGMKvvYmCwAmKlLivsLSWYhjHnWWvkLwvbwMCopisjhNju');
INSERT INTO friend VALUES (78861, 462061, '1976-09-28', 'JkFYvYdAAcFpDHQnWTdQGrsFTiRFgFFrAoFAMtpDYKcmYHBsUuaehGRtnKQOPwigRdNPBMrU');
INSERT INTO friend VALUES (526592, 226225, '1998-06-22', 'kBTTJSgQsfaUVPQgJsFYExhmUplHxZCkzHrNlTtrfdfGxUvvuKxHLeNQQFmZMwozlijrkW');
INSERT INTO friend VALUES (552361, 499551, '2016-04-15', 'MQgoYaVVkKgEyYeeczyQSzWPvdaWUuwVTnxytqNSssTeVRkvRCLAGeFiBwNBfRfMLOoGdhVHuKzDNpOWSkqzoYZaUKmYYdMuBUnoZBbgQFRNMdIFUnxjXHCbGLZcEPEJZACrZRKWTuSsfWmYHSTAQbWJLdBPnl');
INSERT INTO friend VALUES (737290, 293756, '1990-02-16', 'TeXqTdIJwOAGzAxEqrdgbRnrkLmTgOryOfLMfGsAbNnOkbMkJATJjfAeblIlrnnGvzvAaMOnezPvyqbQRHyOsOKKgFQDGgAWdlSEdClKjrzZJgzxhpMcOlbHBnGpyUnoUhkquXWxzYrdIwFRQWJns');
INSERT INTO groupInfo VALUES (733054, 'tSQdBPONbSPLJ', 990773, 'lKikFDGokMBTaKMYrAVlefJvQoPvXaGyzfvviPURredmmREMntStSCrVVBXmqPNrWNYxzQdZpFYEHZWlMTWirkgIgsdUQiVAKNHBBEpjnOPcIyLoSPObrZhlAYaZhJRrwftgdpjTzipsVUauaTMnqwGhuuuLTTeHWAXJZJ');
INSERT INTO groupInfo VALUES (902053, 'sNYGNnyUHVwkeFUApVcoOQ', 969094, 'AMWHdVVQObHoLtXrnsfoVNjtyeEtvQtGdAYBuAmaJXWfiHyUIyHUDSvLFRIjrNzEyJBDPsaavBCuyBicSLoIpWafipkfkKbVxWJZzWjpzggvcqdRfwhTFdtTaTXkyHxMPQqUKFH');
INSERT INTO groupInfo VALUES (965017, 'wcnCgATBccXzwKQgDypBroMsLthOLoJT', 836038, 'WirANenlreWRwsoIHGjeuShvMePmyTtClOOnmooNyJAStlxuEzKrnHorYwnNiPVcRapyFgQxs');
INSERT INTO groupInfo VALUES (146832, 'DjRVgYXeBvjXMVdsrVnBmRQjEEsHAylTclVAbGMqys', 518853, 'ZhTqBINMwvhlzJzGFIrKmhrxtAaFtcUzFgiZDVTKpgqNBBdJfwbtsxVZNXILplKpKTjHYxsrUuFpOuyvvpecTeKtEhfsJDZCmGXYlLFPlkbEFDovMWPO');
INSERT INTO groupInfo VALUES (263213, 'GdjnTnsmPUKULqEpxVcEuAZfYdZIOgiBYAgj', 943215, 'hNbWIaPLNyRWTOENYUOeFeXESyQNimRckGaGKtkBgVmQSypJxMiGTCRXYcaHEsjnwgagDpGfqrpHbHMSZQsSGVTNQTJVGTiOlYKmYhIyPgxCkVkGmnlDZTwYyfoeelVTPN');
INSERT INTO groupInfo VALUES (928567, 'GZorRcqgZsNVBawTccQwjoaNhOlkrsDKttv', 200943, 'AuBJmhxjztfCatoOkPIprAktuGyYkiGKnHbuMvCRzwxjREMYDAdpAvmPXqXdtBYtVYirSgHEUgBBGBuLWtBxOJPZORxIdRwkIvmqDIAAMMizJfwpFqvTvXVmCiKowljGwqCaaDTqFdzshbqdNidPVYINZlDIjWPaUyzZCEYdKmgkJLqkpjcxSgiQYJjUUlar');
INSERT INTO groupInfo VALUES (474129, 'DKyrdkWhLOgoQhkxQfaGjhnlnwbMIp', 212382, 'fNrIDctCYKedJDrbcBMprsFqQnLjqhfjTofMbcIlxpAmDMNN');
INSERT INTO groupInfo VALUES (859235, 'OWdSJCDCrkghLFOucyBybRfeONLBsVdMENXxnELNP', 385569, 'KYSNHxsXoimKcnKgyFQpUr');
INSERT INTO groupInfo VALUES (713263, 'vffyxFIRGgBrdVcQBFDqXarZZsddbdEwsUGB', 616083, 'PQVvINHuLpelHFJFPalhtlebcjzZFksGGAKUYjBkxPRXIaNZSIfsvBKXcwnuafTs');
INSERT INTO groupInfo VALUES (951115, 'YweIurqPwGt', 648284, 'SQBQxVCmGnvOfkGOkmCXvyqmSIlUXRYQYSwTCKUXSbjVtBCuEcEVEqEtbDHsoJtydeJKludEfaDlTg');
INSERT INTO message VALUES (450821, 910507, 'yxZNgUxErxXxtRmrOSwniYbrgkpgFaocLDSvKbuQxpRvNregqecqZjtTBgqIzID', 867062, 146832, '1972-04-09 16:42:10');
INSERT INTO message VALUES (371002, 564684, 'GHwIUvgMJMWtkMoBItaGvMhkCDpUDbzpoRUuyyiltCfPQYEkCqOqXSJnrRrbqmudGjcdskFtcbsBuYPGgajgxWUdDbymxDEpOAWFAEdtrKpqQIaDkdTYvlLOZOvSURZaxeWOPzfbsVllUeyjeEWSkIdLWBVqaqyfJkIiBWvKlsvWhWTUdSnyyTpILub', 855864, 146832, '1990-08-23 03:40:15');
INSERT INTO message VALUES (727237, 89053, 'GVxkEqOiCzSbCGjHlrRhXGZIhaBKejmxQfTcwiRAUjLgIXAmQuhabvfQhoqXjyptoQVtmRzfryKeEzcYLk', 201893, 263213, '1989-04-16 10:40:27');
INSERT INTO message VALUES (522042, 169564, 'UXLXDChkSAhlzGIYAZaTMAOJpjudyGvfgSITTGSOxhDryTWwAxBdMshjWgXVPoktBdUMIKSnMkfezxZDDjOfubuGyhSHijGlNHkCYOllUhCGTRtNNJaBrPqsJJtQQFXTyZkdlQrfbcStjwR', 59870, 263213, '1984-09-22 07:11:22');
INSERT INTO message VALUES (946293, 526592, 'FpHuiJQInUfkoNPyTUHPdmQVWZcysdBSzToyBgsleUUMQllRvxVWydbqkNtcxaCquKfdEnCymiIstcLJBdqfGooMkNoGHsjJDepvqATxVnESNXRlZBrzmoDdEslQgRPLMPEz', 901528, 263213, '1985-02-21 16:45:37');
INSERT INTO message VALUES (164306, 667580, 'ceaGGUprWIPtUCMxCkfHMfYtYqRCjaJCEBVlIFYgbYBpzJfYtBjlLxoOIForqLiKSdbMPezWkkJdXiwZXLfKKJjFIKziGyXDOzGaeqpFkGgIHRJpKDbxBouEqKVjdTdFgVrzUObRcBrCEyvezroPwsZpMgYVJefwmFgYFrYLTzMVbZLdBAMEkbAZ', 311534, 733054, '1951-05-04 09:12:25');
INSERT INTO message VALUES (567852, 993662, 'XTMxqpFCqjemFuvKWCEkxawqQNXzpYNmbQyiLGkMNgdLgiOKJCPgKJGocamfKztMxKtIZcLNZFuVVFSZICGhOMwgoMLqMuwArquaUoKnirhCSBXDvAvlMu', 311534, 146832, '1991-09-23 03:45:55');
INSERT INTO message VALUES (294281, 915389, 'GFpIzKeGCzoNAuGdRoOGjljaNtPOfCElXcPoRQCmwiuTykpwsETOlcUOlZSieMYrXHjPWgBDyoYEPZuJyRhVSbUUmjqHYJXf', 139411, 474129, '2021-11-15 15:02:45');
INSERT INTO message VALUES (258280, 985284, 'lxJxOOtLxuCviJsehfQUIkkdQBTioHxRvweKYuJAIhzazeAGXhjDmToQJggKlBrvUZOwziOPkqBPuLXvIpnADxHenNNUYnIOqzAFGTRlaMmDVQjrYQgijSMxDfSpQXOuIkcMOPXwhNnBrboSafkvoThNaeOzHUcsUi', 344417, 902053, '1987-03-18 11:53:55');
INSERT INTO message VALUES (219589, 142675, 'XhoBwqoGjWOmRUlMmPEXMmAdNnqpssLhtlbPGzqDDvXhWE', 24245, 951115, '1957-09-16 23:27:34');
INSERT INTO message VALUES (645191, 248990, 'CLOEYsqIUAjismaFNIVqSwgyaMcfRVTHTVcxfpVisdgIjVutIfqGRDanCQjvFiRqqyvktZYdhUoLmJaeYDPatlOfWDBTsgUgKNeQmDUidQlBlZHvPKWeNFHcHNjAQlucfRgaMthRPVHtkBVnjjhsgNmVRebwKeQVdWlSrryPkGTQFGvqlTjIuWMUWz', 757547, 263213, '2002-05-05 04:02:31');
INSERT INTO message VALUES (153767, 860233, 'utXtGYhIFnArdnfvFTEtDIljaASQjhoUjnxoaiybLaUCDNZAodLjGQUWOfEjKPeaRSssvGEWxuZctjlNgNoUJfNmuEOHVxouWFBpGyHwxSAAScfizDISdcaxRrpuICSdzTuDWBntJViVOVHSmQgzcJaYx', 883372, 965017, '1963-05-01 00:37:10');
INSERT INTO message VALUES (56724, 344417, 'ekYpeBpmLxdcSiePUJEGObbTccQlwpWlIZwZfxJzoAprVyphtObsclsAVfOIDOEMXcvTHhCnDgLacBJvSsTSRUYEeCCAGGAwYoOXpXDlnSQq', 744940, 733054, '1993-08-03 21:56:16');
INSERT INTO message VALUES (811994, 89053, 'TawnUGLGtrqlDnpeUoKiCSSJEuORgPypFgzvZXskfsYwAWaBruRcCGhDsRYzGzzoyuloiPZFVslrYmKKkDOnqEqfhrcDKyeVLxepKfZMlHTFxnLUdlTJYQNbQdDaqdSovtbizIFCbJAAptutkrphbeCbXYRKCksLdCYNQQHNkXzGmSwOHT', 769361, 965017, '1991-02-17 16:10:38');
INSERT INTO message VALUES (639114, 649431, 'YZzyxpxkuoIkAFxtrBJSRyurCvtcKTwIQNXGsTfuEVWhRePYPJYYTFLSYaMuefVgPGYDzcHIqOIHPwweuSOOfKrZHLol', 142675, 902053, '1961-01-29 12:39:29');
INSERT INTO message VALUES (526577, 499551, 'JHLQtyvmeYQvdcuYgPRuamqOGdpYuFfjGdewfYhkRBksZOXhOYCjVjFQJbsIqAxVaXzjMXtzWgpEqmuQEMUnNGHODtdpu', 667580, 951115, '1966-12-06 21:54:14');
INSERT INTO message VALUES (502110, 587102, 'UkFpgakDJEumIISkjuDVmfEhXJLfKnQOtpshEJaJlgwqreLeKevztjMLXIyGtbwDOIGKn', 122029, 965017, '2010-02-01 02:44:34');
INSERT INTO message VALUES (459289, 552361, 'zvUHDMiTWMrZeuMMFEajcMcybcPrrDOuDjwpOcxDsbjaSwiSfhEDsTEdMzpqdUqsyXeGLJlZYAnbtFlXcKqwKyallKvfMyfGxSeWzPnDSDm', 855864, 951115, '1964-02-18 06:22:35');
INSERT INTO message VALUES (172004, 122029, 'UOTDkeMseFcsOgrjMfWzEjdRIVaMnuUpfzyDcEUFIqlZow', 89053, 146832, '1991-07-14 21:57:18');
INSERT INTO message VALUES (754853, 389782, 'EEHVfwuuIJHGAMHCKokGGeKByyKbXWCKBiTbfzBSYCOLaJqBpvnZWyleByaYKGHdsbjNuvtSuwopvYLhpNweaAdmJRlEjtOmRflUidULxJflRyDbNQQLIFmKzISFZGWIBvccoHbNcFb', 993662, 859235, '1955-03-13 14:48:38');
INSERT INTO message VALUES (840811, 918931, 'JGzPtoOzJnXOIMQFKXbEhWKeIdTwBPSWlBZWDmrubujzFYqjWSAGMlIkaaxaiFeocywWtkrclhYhuGYXADlXsaUPSCPDtQXLuZErtKozmZYKxbuFSvDujejCK', 429124, 902053, '2021-01-24 17:47:03');
INSERT INTO message VALUES (740338, 618126, 'lkLfNhXqYVEbxTarNzhvkdspdGemcIoOPRLGMoyxRNdufakTTiMFEzsLYEusTejlNrPMyeZtJDKkGsNgrWdpCDWMtZXBwghnrpeIEsqIFQiZvXliRzBwYw', 218904, 902053, '1986-10-17 16:16:22');
INSERT INTO message VALUES (245247, 915389, 'UBGEcAkWOQFBIEjvhvMpdxWHjAVUNbYLMmpUMNtCIeYMRGxEQwdSADeRGWNXGrQ', 432928, 902053, '1955-03-07 03:07:31');
INSERT INTO message VALUES (803454, 447729, 'JeyBDMpelmNYKadkFhVKSVNZdEEiQoVYlUDpvdnBdRZTWmevmeUlKBYstnJxBxlzDUpauaYmYXtIRFDubwwUUkaEPpPRNJvPdDzplTiUjDGoSxGJqQWrqxDSQYcHEJCptqjkqqdPYQZCeriizbsJejLRFSssPxOEEiPRrEDMYxWMcWWSNLoKJXlJjm', 526592, 713263, '2006-03-31 01:42:13');
INSERT INTO message VALUES (633806, 603303, 'rGQyWoeWqRbXKfYlVVfIzboVzUNkvttFunqxeFHGPBltgNqeRBxDzOuMaRNYkXrVmYsrnMCOZqwmfqqtBAakeLpnsoqwxjnrtYFUHGxGAdyrwrAwZTKhUNjGmOODkvLoWPHEXKqUjHOHkNQgQtDkpEVSriwxfeGnQhLwFpLlrenLBxujKUSSQrHTnSdDHIp', 305948, 713263, '2012-11-11 15:01:15');
INSERT INTO message VALUES (653367, 462061, 'GNxMEitiROTzcdWQcMUquDGylMgHMUiTdwydCvojclxVJgwnZsfnnOPcUlDmmnHDWNYHpcHoNbUUAzGCqAVdiQeNZnLINltEEEtCbrBwKQBecMJllSPwbaLSWFgcDTvlXODMEsGhfzPPtuUiMmBranxCsUnPoUYEuN', 248990, 859235, '1955-05-13 20:17:37');
INSERT INTO message VALUES (693012, 29220, 'jvCmVNgUxBNUQBIxmjDZKdb', 174406, 951115, '1981-09-05 02:21:43');
INSERT INTO message VALUES (381298, 98637, 'hbglsqvyhQkEoGAsOlhNBZfzwTUsEKttJAuTDHfTMnNKLsKaZBzM', 174406, 928567, '2000-12-09 23:15:25');
INSERT INTO message VALUES (648867, 27876, 'aZyupiVcBMXSIEBgOCauFGtMbMVKOumUX', 432928, 713263, '1950-02-01 23:01:25');
INSERT INTO message VALUES (808259, 344417, 'rDnKSEikaUsgodrzEyPqAyFRvh', 855864, 733054, '2019-12-15 13:20:11');
INSERT INTO message VALUES (597454, 744940, 'nKHQZPiAkjffiegcEOGEglP', 518150, 859235, '2005-04-28 18:18:44');
INSERT INTO message VALUES (514962, 201893, 'tUbBLCiKcdPYDEUxcANFypvJZBOAUNmVxjztScFGedNilkhZmIxaZbrifjjyUAPkIBrqGsewcMRdVJemjqtHmggCqAdcGhjFkvzlfChQYdoeODsvgULTrAjwcmFvcgGhwJtiBmGKFcrEh', 169564, 928567, '1970-12-04 09:34:30');
INSERT INTO message VALUES (5587, 142675, 'NjcjQOmjIRpJErUpOxetQUpeWkUKySuWcjSPnzBybvtteOhsdimHdvFYLUcaqdYjiMCwLcYprKveQbqECTUxOclBvqnNjN', 139411, 859235, '1976-05-07 16:25:59');
INSERT INTO message VALUES (293303, 603303, 'mfOYtrlKRfYPKvMAsXWICxUtNZvYiFyxSJJBsQooQgjXUaYsJfjbCxPJdVbMEiIOLUePXcBrMDdAOGyIfLYBBkfYlwLSrPGiVVEnxAlqWaFwpkJttFUVWRfWxVOsnfqvAOPCKWnQyAByoIcUBWRcWPhvSXBudckZUApftNMHldoKLAaKcPlXZ', 89053, 928567, '1974-03-09 15:09:40');
INSERT INTO message VALUES (741591, 229173, 'XrDWyTXkmwJRxSHAQnibGbPkwCLolIaQkwzUKsoIIRjkklvrxJPSNqfMvWXCugo', 587102, 146832, '1978-03-12 23:38:53');
INSERT INTO message VALUES (945363, 389782, 'vSXFgaKbLsodYRlPuZYneaIZwwLfRLihTlgitqILJgvobjjohnWsipySWbCjWHFAeOlrj', 218904, 928567, '1970-04-24 11:14:30');
INSERT INTO message VALUES (821169, 122029, 'sVloRNZFOcMsvcktGinDzfkgusYdzFxQJWWhCFNCFaUIEthsWItNsvZhOXtAGyDwBbBrFJUgwYLBJvCToFHCBTdEGxyFyKGbQzBjIpYgMUxMRXEfbJJtAGEBhDjABSX', 142675, 263213, '1995-02-12 12:32:33');
INSERT INTO message VALUES (886014, 98637, 'qrDIHaCwdjXPtavIBKsWClSxPuSbfUFrbqbXjwuGoXLZjJlvFYVyPixksteFruqyxxJgVJQxlADzahrYXRbUozqHWaRQdAzehwQCZmVjEFIyylvwkrumnYcFIbwDkCUwqwUKaGfjNPZeBrFUMJAGlVUcAakHRcWpqlSatZJkctcJmxuFAQQEcDAxDQjtmGNkFmu', 603303, 263213, '1952-11-25 09:29:21');
INSERT INTO message VALUES (697722, 71971, 'krkgUHImLafOmwpauPWBMQQhCGqHqqxQwlllzYbhDEejubudriRKAmSUoSUIqNHWbLztlDCUWbvOSDJevVpjhdGiSpSxtKIhUAHuhyuABSsQKpUHTHTphtrAgqqeGfLCDRaXDuoCBdKaMRDAonOGXPlsO', 345384, 474129, '2017-07-05 13:10:52');
INSERT INTO message VALUES (824851, 221896, 'lWXFASQpKpXlLvLVsSpRayOcuNtAQsXqBFCNrTcZhHtBaVukdHmrCuIzWfvfmUZvdnSpEzNXcCXBRPmqHXlkKOhOvGqXupYZZZHvQWzLrwxUlURgORRdKIsBeSGpONXOjqiTvZgtmTKGHIBpYMMDLXTXSofqoCckgfCyijffkPXaAaIabJUsaujuF', 389782, 733054, '2019-11-11 10:29:57');
INSERT INTO message VALUES (444307, 842625, 'zHzkEROzpxyaRLkjvgWHbMGchPeDdtMeetsDQkGevjSRLZFtXLDFlxmjxPQTLOFMhZjNVerKDCDAJJJLGRRMmfoBxWIocuoe', 78861, 859235, '1976-03-01 11:17:17');
INSERT INTO message VALUES (262315, 229173, 'LgbxRfYrDqFyByiaPLPLWvkhsqAzCWKTmqqKDmtrjmggeI', 918931, 902053, '1967-02-09 12:16:02');
INSERT INTO message VALUES (961705, 221896, 'IXtcwzAppZWmkpaKAgxgPHmFuEfGXuPwVxcACaUhNGVNTGijTPeySwcCitWBrYNNKNQakfRTEBwCMlTXVnYfZxLaiYInWDPtCxNGIucHGhskLtIowSzVlhwfTohKOuEzZTIzqBWIKnKezyuGehq', 985284, 951115, '2002-05-22 22:10:08');
INSERT INTO message VALUES (282, 151840, 'ilbjGUNMTQMftDbJcbTLtceBmNCqrNqQKunqlQ', 344417, 713263, '1988-05-31 02:14:26');
INSERT INTO message VALUES (270108, 931991, 'unTWqqIuhhRoEMUrnAamDQADuSjpJxiniyByQwxJcZPmbVsSCmwBmQlQJJPJloOHQJvxyiEddvAcpFQSFyjgKDTLKRCfEhBmbBDviunjD', 78861, 951115, '1987-11-15 09:24:23');
INSERT INTO message VALUES (279522, 29220, 'gbFDgudSXAYqPdWKCgBSFEakOyVgrRkEZLHcGCyVxuNuhLpCbPppzOgLlxsJxcFWxyfhmkXCbUvPGxJjbZIgkUzydezduiMIpUyozIZfHGUyODrUvHrdaXTeaaRYfQSWcTkpkVBrJQnJozdrWHZBtNQUmsCkOiwkbLFNoa', 914980, 733054, '1979-11-28 21:26:03');
INSERT INTO message VALUES (535437, 344417, 'MSVnEIFWmHlNcb', 915389, 859235, '1997-06-16 12:06:47');
INSERT INTO message VALUES (836205, 311534, 'OENVXlVmubKxZnVmymaXHouBiEEtmeyHjfJvZOeghEeSnEWNUaSOIGIqItXdSsZnrqRIkgtYQcWNeiVgxfVGmoTssxJNZcwkhiTGjDPmEhnRZzzdZCMwFhRJJRdTSoFVHmFKsmThzTZldYdv', 174406, 733054, '1979-02-27 07:22:41');
INSERT INTO message VALUES (440205, 71971, 'ztUAvjiiTfcTAzFTtPKqzBmWxNkaDkxLpJHIwFutoNftdZogyiczrELWzENVlIGveilEhAuKOOjqfbELTBgkQRSuCKRqlQUBgCjKNYyQzSGOyjtbbCwqKEwjVnsOMXFTnGwuXKzvgKFfrWIL', 892794, 713263, '2013-03-08 16:13:17');
INSERT INTO message VALUES (663732, 336283, 'NmwVCuNcuLyIsoLUfsBAPPcAVwodyuQoOGDewjbZCnMXNKzYZvZZEXtjpYXrBjZSAGSorAqYizcJNsToFaPpmyeRyqxrngHsAkherCQblAyCVqILPbhIDpJoGoQzIzGsJoGdMdHyHKqRztXQgJSB', 883372, 859235, '2020-09-06 03:02:25');
INSERT INTO message VALUES (719418, 151840, 'TSYjwYpBYTXUtSLkPwDSErkOEqhLinBzNZdEBpymoivuedxLGdE', 603303, 474129, '1950-12-27 06:47:49');
INSERT INTO message VALUES (179466, 719360, 'FSlwqtSzqXMjeyEnGhBTpRCGlhfeVoMkYZbSZEEbrjjVmKTsrGfrrrWjENeBfXGCRmTsqAaCXXHVTHlsBHBVVwGSHxErLOHlVFtingbzMVokABzBPFXfVXyEV', 345384, 965017, '1984-11-24 18:28:57');
INSERT INTO message VALUES (563711, 499551, 'dmvpuctEqasIeSJHwBsErFrVypWKPgQlHAzyhXfRgSrTfJNoAxMRFrKqxvHwKorcrsAdzYdTeKVRWGmTFYSaQKcxgIzQUZZjSAlVlQCeAmXpBLbsssv', 124928, 902053, '1997-11-29 13:16:27');
INSERT INTO message VALUES (538987, 142675, 'clymtYPRUHJnoGwwZiiyCfkVgHNdxXxSfpVZTRIHVqrbAWvsNaajlLxrfdsOGzDvDBqqcKsZpNkHvUKeXOWhZjhsvDrWZuPokerchMWVKXTxdsRiaUYUmaTAFnAFMYfUbHxuEleweWEXSKCkzSyiRfQWknOAqmDoVSONBeDOxhLmBhoiivEshqvsaoERcIvMh', 345384, 965017, '1955-02-20 03:39:52');
INSERT INTO message VALUES (6919, 955715, 'jiHSLNVHeZURQSzieVIYGsqhmKnPzAbzEbHpIoOFRkOJdfoBPHgANayqxcDqWxsHTVhfkStbGRaBVPGxXjGYkMSAfrDRfXWcheOVnCWEAtvZXTvVdDzFRsNDWfgvaHsKOqNKQDkhIsktFbRNbzAoZheTiULIBlrhLgyCfqBVCQIgLYEnWsBljCFknlvZQBqeG', 895673, 859235, '1986-08-07 23:34:22');
INSERT INTO message VALUES (309412, 931991, 'wzMVqaTUIyWwddeNJDuflPWKitPwJHpwusNvnJlBxWmZXcJTYDTfAbOJraTNhzDwSNYEhffRgecEUGJQfRHefPseusU', 229173, 902053, '1960-01-24 08:09:28');
INSERT INTO message VALUES (429820, 564684, 'moCbmxTtkFQKhOwrrBnwtvpXldrGiNQIdzGEVecoZ', 248990, 951115, '1954-10-23 20:50:01');
INSERT INTO message VALUES (44714, 995118, 'FkEcTXzkQyFKWPrPPXGNBHClUGymGgZRZrETSTqdqpxfsmjD', 526592, 928567, '1955-02-25 15:37:41');
INSERT INTO message VALUES (770410, 489866, 'hzXYZxqsoLfjURadYqDmmgUsGahUrPcXAPyJqzWm', 139411, 928567, '1965-10-24 00:59:33');
INSERT INTO message VALUES (768329, 867062, 'SExDBWQTlBxKrdAFhATFCNLDivUoBktVmzrvtlCLtMpjxosQFPddncjQpqBVTDJBuqxltFyusSCWJAdYPweQsNxkpcPrpEoNZpYNoTfJNOJsGWYvgomVhUhULg', 174406, 146832, '1995-01-10 07:23:50');
INSERT INTO message VALUES (335823, 148179, 'gGjmzNRUqBXAYXWAgtMOSevmVhgdfEeGdqEcKqgpxOBXBDYotstiGiVySgBMWjByvJdmEDMaLdHIKlqZoiSDQLmqwBZMtkArQmNcvP', 336283, 474129, '1969-07-31 07:16:51');
INSERT INTO message VALUES (192666, 557084, 'OGkAiSbCrigWFXkSZkUBRchhfRxFeIJyoAIRDbvPFRtwKuZkBVpUaNgRzUZcflkkSoDhHhpwpniPVDhdCOwopEWqehuedbvzJYNbdAMJNHPgqsgEPhr', 151840, 146832, '1956-04-06 20:08:25');
INSERT INTO message VALUES (46699, 311534, 'QGYcnynhRAHfZHWcOVmcnkNjAkSvmWDkUmyMTihXxDtfqYAoLrCJdVHRwwEIjfTzdzpKlYWAwBsYdldGoyXVUsGVCuiWmwYMfvOtAEDGNxuYSmKXwgiiKTSwZhEOoIcKxGSvDbXFEzqHOMUoedCdZHDqmVbtEHeZz', 345384, 146832, '2007-01-25 02:40:48');
INSERT INTO message VALUES (567579, 892794, 'mAtbuKoLARIEhakhPNJOnuBNXzZMaXmtxFoiEtSsjJykGHAiMPCFQQnBSQvYxQYlztHQlmnluwfBWryZkCNntGkPYXnmMnpaoGJBCBofeqUSZGItwzNIXhtIqitTFWOUggpFcYYL', 782721, 928567, '1985-02-13 01:39:34');
INSERT INTO message VALUES (175078, 842625, 'ZTQSHkMYawnijsIELmXkAhgRoiZwjMbhwwItjnzPuCVcnZyRbhYuCBqTmmAIzooLLExCknztfdrKYtkuHbRBsGbxFZbhJdtykiQxRSPIcgGnABBTgencVQ', 37446, 951115, '2008-05-12 19:38:41');
INSERT INTO message VALUES (821245, 667580, 'UaKonYDCzxomcQnnttxyfcPKrSLUIZfRSnpyfaLKGaYKKcZzCMeGglNgjCtaDsnNFjB', 389782, 902053, '1964-04-03 21:01:05');
INSERT INTO message VALUES (339654, 379075, 'CITqYAUYTVDAIEjCDErSVaoevkXvUwHGLUfeyMOywglePdCxiGgPkBDAivTlDbQqrWJhkAvpVIneSwBvSaeAwIrQrQUglNisvVnIFroWwdSnVQDjCwFhnlrpgboyJcUBAPKxxlfMAioCRejNXhXHjCeGSAORlcOYHw', 148179, 146832, '2015-08-13 04:01:42');
INSERT INTO message VALUES (808261, 914980, 'jhZpMxZckZHTIloApxGtFFnonFKwsbHoUrDcykeOzkjjULXIRYAaKRWSXlXN', 580581, 263213, '1974-09-10 14:28:45');
INSERT INTO message VALUES (603400, 98637, 'JJiKQnAtbBJxRPxhiCunILoqxuOTzniLaKvgOZVTYSeSKdryIDtJXuRKbyHPMAPCEuetkUsRiWBkXkBrSkPUSzFeaIiebMGMMkAmzUGWhzkTUiZvJGedPmxPwgtOwzWcpLfkfeurWROumiVu', 432025, 902053, '2005-07-31 05:15:15');
INSERT INTO message VALUES (192654, 37446, 'QxdGdzculohPAmJlKJvmIZBatVGazVQPZygSKBCUdrvskTTdQQjmBRHgtdYEIlGnzG', 499551, 859235, '1959-07-13 10:47:15');
INSERT INTO message VALUES (14625, 934665, 'PexVAaGuTwNwcrHsEOZkLoEtTXjOJpkBSbGkpHfxvYQctgnZPBXYDKoonvkHeZFymBQeZzZqbXJBdlEclFlinXUIDNvQbnsKnCNnbvxLSgTPcaygSWykzFhwnVFKgbCtnkiAkejKPJDIiohzyl', 345384, 733054, '2019-10-23 15:46:48');
INSERT INTO message VALUES (274988, 819089, 'VKsoQOXrtaHmtmonicHxHISKAodOPDgvmEiEBcaTlBepzegLDcXMgRXxbpUyLnNgjDdlGOKYjHGtZgaBtuyRnoupxdBhCVcutWKamqCVXUNhZdfHoCapcZbGaDpASCHsDInUxPOLbqabOmBRGZAASSJdipeWGNMGtaLZGpfPoInjkCNhtgatwSzDkTFDLCJKgsfXwt', 518150, 146832, '2017-10-10 14:16:36');
INSERT INTO message VALUES (376495, 744940, 'QSuVaZRHhGhLuRHVCHixpNXAPIZPUnvvqcRQGmZYSzvIbxNlkMLuBUgtldidXrtavmtHrMgOpOVermbJaikOtRysfaunOjYVZaYPNOjwRmVyJgWlSYjAXhkByPHIwtitTfWVyZMUctXCVkcQbkixPYDwowhOikPeeDZvsMtCcnkv', 108815, 859235, '2021-07-07 02:27:52');
INSERT INTO message VALUES (772597, 7883, 'HuSRiEfbrerO', 564684, 859235, '1995-10-29 07:44:36');
INSERT INTO message VALUES (221089, 867062, 'BapJpLdFKxyFlLPkOTlIJsKHBqGjnSGKCPPLzdAtXekuIKZYtHKotJFIjvDwsNfWcPSrsKoMrPWzzuPAZyNGtmTwrQllOa', 769361, 951115, '1999-09-29 03:40:55');
INSERT INTO message VALUES (239592, 344417, 'CNeSHnMZcujqlPXkaVuUgUEniWCeJTdZqfiOCKlVTfSHTwhhUJRqSAxPEocURACSsDFfgkATGmTyyD', 955715, 859235, '2020-04-04 15:41:00');
INSERT INTO message VALUES (950765, 71971, 'wRihSittKvARLtPlOuFdGDJEXeopznFDVXsCampjbDHlTkRauxHaRzjIgSDzQELwOQTurBndqmgcZSregQtSqECVdRWCPpXvYZzGiJfWioUNNejisimATjNUshgDPprdBmautdfzqQwpVOzCAHnxlTEzwxgTvexwWabaJXNijMnwjUlLeqJtCBiVIHpHvsmtK', 98637, 951115, '1951-03-04 07:27:06');
INSERT INTO message VALUES (508818, 293756, 'czbvprBrpQDKkdcKGQVadQebaduMUcrntirbvdgoARkdLfNFebraTDonOsXKSv', 914980, 263213, '1992-05-10 03:35:50');
INSERT INTO message VALUES (43500, 901528, 'WLUfsiSzfFWVMOBbKyOlDvBXOhYpvvIlznNqssluOxfaKSrSQDbNhsmsNIeWZgSKjdXIITPhbHZmTWQUneofgOstdMdUtKyJfNdczDmnIUyyjjXkVsEKYGIPhlATYHXZsd', 782721, 928567, '1980-01-05 16:33:22');
INSERT INTO message VALUES (946767, 729910, 'otHIbuMTCpWdiDPKlIupX', 831345, 859235, '1989-11-03 02:25:45');
INSERT INTO message VALUES (386919, 458366, 'cmqVGIsLdvEUjQOHRCiWgLFqzHXMUNGqfDSmlEmXiONSgmsxfNuzWpGsnyTqFAiecbQwdTSPlYufLTsKkngbwYNbgaOACDKnfCSQIWbIOTsyPPhsmNyoiqyknmHDpqKKjNfPpQhuUQQWWOdNLkDfHgwyAQuxzFX', 124928, 474129, '1988-10-21 08:38:54');
INSERT INTO message VALUES (916878, 169564, 'wKNvgMFUQExxSRzVrDkLtthIffqsoAIGoxpXUezTEHhIlxbhJpUVUHRmBZPxZItubkfDocwnDoZOpnyJeWFldpabMDBDPHaiMkCunDtrHPFqLOUOpdjPlyLvjYAyEpqqCkUOeOqINKDIetKpsw', 737290, 146832, '2022-07-09 22:56:58');
INSERT INTO message VALUES (915740, 819089, 'gFKjMsyZUPNplZXHEeohrJUWklUDKCNBxkbbCjJZqouNASOEBsKOdMDPpForRfmFOQBjNCjNFxhruVwGuYUvNsTypFEvklUGZUxMGOnpPpsUSiaPGiePahmkSHZntBzdwJgxneOTflYWGAXZJsFgkqfzROSDWzGmSLPVlqBsrAvGdnQhwVOFnmaLkGguFdCyPlM', 836738, 951115, '1951-05-26 02:58:31');
INSERT INTO message VALUES (688319, 827708, 'ovWUhZpyKhmNJfuxtvsyxKtHiosFbVYhQyiJPGDJLXptTPDXKPqxqJ', 895673, 474129, '1963-08-07 09:48:28');
INSERT INTO message VALUES (565279, 993662, 'ZfDzXMMMIOKBYKyqQvQiAJcEiENzDxpyyYROZuGdrJrHDIqbfOBVUGfriAGDBvqpJvIeYiHBXWghYEJbsmWHEUTwpGFOmDJCWQNbmfnUCsvAwLHAtv', 89053, 713263, '2021-01-06 16:05:07');
INSERT INTO message VALUES (87129, 618126, 'TjCXsRDrCMztMBsSCPZnDpYRorqwTpezvrjleFycqNIOGMxDnhfQFwWIiBsRrIBMpFHDWmHDMjAhvnflxxDJuJtvfZpcXPQJUAJznSlYSszWoesSxiFNRmgykRgdZiljOuOYXwdQpCweNyIEG', 373260, 859235, '1985-05-14 20:04:04');
INSERT INTO message VALUES (414455, 769361, 'GyCwtXCPJTngelkpgEMsywBLZtufsYaqQAISSlqOCkabXhMNdkSUrEtfCGCB', 667580, 713263, '2012-06-20 04:38:19');
INSERT INTO message VALUES (721120, 27876, 'exGHKWFOeAZFxIHpzFDvrZHBiphAIdiwbwZEwwZKNOuuMacllEcCgRaymNOKvuwcDlpICfrehBMLuuqrAoKIiDuqFvtdanG', 995118, 146832, '1992-02-11 23:19:11');
INSERT INTO message VALUES (462344, 203939, 'ENmLECiqcMSODcrhnQo', 819089, 733054, '2000-10-29 07:18:28');
INSERT INTO message VALUES (899, 148179, 'JDinDOcczMbZpiCEKLxyskqMZZDFlhsXwFFKCyQQVaJoVjWWZADGyLMSfJNbXgmsSkECnooptmlQNOvreBqAhCPbUaYrCgigIZ', 201893, 713263, '1983-07-06 03:57:56');
INSERT INTO message VALUES (668059, 993662, 'XdJxqlyIJZALFwOUWbCoiGhYctFOMBaJltIaaeFxQIntUhfCasXYCypUIUrxeWcVyxLIaljxHOdezhOvHGxeYXKXjmPsMhemjgxIPVwVWPjmzGCjNYAAfRYQEwUpohT', 27876, 733054, '1959-07-15 14:46:57');
INSERT INTO message VALUES (912527, 581300, 'GNgxgaHhX', 254872, 146832, '1993-05-10 19:26:07');
INSERT INTO message VALUES (108870, 552361, 'piZYGXNFnNmFPQuVnJexvPZfGOAkQbRVBNMrZoceguXxuwIdRhXuesrSrqUiIPcmNpLSPnDmLzhdQunfHXfjBlKrmqxOcLiNeEZnlROsYSOiHOHkzwpGzDXRnxyRTmgFUqeGjBlyxFDDiORDfLNZ', 293756, 859235, '1984-08-22 04:34:53');
INSERT INTO message VALUES (288497, 995118, 'PTvovEqLAaLhKJijkXgCuPIBLZlAjysHZJhnOTLJyTaAXlwuMVekapaLfwgJVsAMBtREKQojiDlYckozWboicu', 667580, 859235, '1985-07-11 21:43:13');
INSERT INTO message VALUES (704969, 499551, 'QKuKtLTSTdpqpoZPkkmstUifHjrHozleLVQNggSwFrVVliiRIIdzhwBKLPlbGkYrwQrVwzIePqKLERXchcTpHdaDSecreHadashZkriqFWgsXxjgJBlymAmxCHBDaOmVEyVlJBCkMvJuvYvDVJSqtdEmrvRWiLyyhkLHDVAbhwMbmJifgOmZpFZaNluoVkTKlrAa', 993662, 733054, '2010-01-25 06:16:11');
INSERT INTO message VALUES (975085, 10266, 'AZiiUZEZyzbBhT', 552361, 928567, '1984-07-30 10:54:10');
INSERT INTO message VALUES (738988, 248990, 'gBeRLfaIpqbcNmZNnmsGmKtkiuOqIsmzJkNxfSgAludVwvNzXugtHLixOraXCQxgZkXpezfSyttEENKLlTlCxqHtGMxhEDKWOqSVGgsTOjMIHsdEFajMchXyLplvFGQFrJfaEFPjYPDkJmzpXwqYQjtTcTCQvLfr', 336782, 713263, '1978-03-29 18:16:01');
INSERT INTO message VALUES (740164, 836738, 'XTxLxGOumOYvIxSUALgYxDxMRkEzLVcuqaABBebBJcLtxNBOFgPbmnwhVRCFXmTHOpjxOiCWDaDzehfSgagVyWxUlq', 432025, 733054, '1993-03-19 16:14:33');
INSERT INTO message VALUES (553193, 581300, 'TYUFtXGuGajaAtRdKEvqpoCxtEbsRwxeJzpdCqKUYcWLetjfvkaBfSRdEJayCwYzaNdCJMQggpIBHAAkQOgTeXLiQkRuZVxNleaARwffVHAqNfSvDOawEoSCTyLXpUCaDgoTuXIMiEkKNhcUpuatdfPchRUHeJSVYOmhbcjiQzAYnwKJgQO', 836738, 859235, '1952-09-03 16:32:43');
INSERT INTO message VALUES (53896, 993662, 'aculxVbZcfsiHGgWbTouNTSCtnwIjdmEDVIzyZGjXBbCnzLyItqDKrlxhRobIVnXaAABQIxmEtPPelRoyewsBckawCkciwgQeLkcHpAkHfaggYXF', 151752, 146832, '2004-08-29 10:36:26');
INSERT INTO message VALUES (38369, 293756, 'KfnKkwSyrCvZPktQusQKzzxGuusNsz', 169564, 263213, '2008-12-10 17:06:49');
INSERT INTO message VALUES (262837, 71971, 'qERHgmWfSnlJKgxKLEAOQhYzJPWAedWIrGWLZJJLAayOzvNdZlMpmIRjoBSTuhDFOIFdeyrhXbugUkfAYnCGukIxFukWhvVBwWdYjGwPVuQSiQIDovTntKIxTyZerTHvLkyaMynzEmMOMSglbJpiXZPebcBGGcCspLYyNesFhgUfo', 719360, 951115, '1998-03-01 07:28:41');
INSERT INTO message VALUES (325320, 915389, 'vaMkIZVRPQSyEmZMFWFHCQGXwKgcIbVcpUUhiZmXqjsnEKIXsxtPamTIdnBTMXrqbqjAqqrnNPJGwhEaKrhVuCinpWvZfmerNDWzkuvjOfOlbiHSpvmHRYhBpCmfOMNDovhdOcqJrKJlDxDMEGfdHZZHEZmsMjSU', 489866, 859235, '1966-05-25 07:53:07');
INSERT INTO message VALUES (186407, 827708, 'jGjbqQTMHfZXJFvsAbaVhibeaSPfgJAQaLjyUoDIgvUupWxzXHzBJXJCyjIZSxGCDLhpEuZxAVjsVHyekIaLRrxuUyUmKBFogobNGhOtmphhyAPXYWkdHhGaJtFwOPZgKEmJNLUeQOSEVxHbuSELEcxGdQNvxrlYnoxs', 883372, 928567, '1985-02-09 19:19:33');
INSERT INTO message VALUES (595777, 867062, 'VFjnPbSRzqwZHqWwPkssOQlUukYwpaZvNsYkeaxhbfjbosiKmAoPjGCKcQUdSefLWChoDrCYxtjCzulBmIMWLutMoJBIvfnmeyQufejIaBrzZBxNlvjUUuZTrFZCnejxGYhCGMuEfMjRlEWTELYXmxnQfMHrmAiNbHxMiRg', 769361, 263213, '1952-06-23 00:19:55');
INSERT INTO message VALUES (172862, 89053, 'AgXtyUnBFGZWpogeEkiDNYm', 819089, 902053, '1987-10-08 09:40:59');
INSERT INTO message VALUES (928847, 729910, 'vhuNRtZjltQzxpkmtZpvojXfqpNWEPsmAVVtInLzaPMcf', 719360, 928567, '1985-02-18 03:54:51');
INSERT INTO message VALUES (189637, 679718, 'ZfSMqTTCpmbzdUtmzbFyXIioIiyxpaLuuZMjCjsOCnnAIOcTSktVLYDtUVcJokKkZhtojYyTnYmKIiRqhViaYNcHiQFDgHXorjvLkdGbTftffdjKouBLDAHKMJiWYohApLxRFrIbLSTxwpHFlUOZdjqimccXNyMys', 10266, 146832, '2021-07-24 02:09:32');
INSERT INTO message VALUES (833462, 7883, 'xeDTdzpmgfvZnOkekrVeIlSDIXVnofjQwoqqrnGqRXQhPWwfecqecCCthPmnovZigfotLrZmiAMKiBAYWqOLjvAksYywNOfTJIUWivklOZewkiIoSjzfUOvvJqSwYLwwYBxPJYOECkkZRkuJsZstAVTbMeFUumuCjXZgNWPcVYWkpvEGbjiQaPtCI', 253302, 928567, '1968-08-01 08:48:19');
INSERT INTO message VALUES (672537, 78861, 'eACoZtpOMkUDIKUkNfzJFhXiotShMZCDtnZaIJFueOSXaFXtFJBeMJdahfRDhDAgAoQSvRGtMXFmqkjwziEvtFFpsvwEhSTvJgdDSKnDMzH', 931991, 263213, '1971-07-31 16:01:22');
INSERT INTO message VALUES (604579, 667580, 'BTJQHiQSqOINdQJBdLQsaKSlHwwaIOxuQqdipCHoLgxsvUOnTlSjiUcazzwOSmkcZxrAWNhmqRQLIEiGquRtyJajKrYfwyNPHkmDZuadbmYioJctLsPtKyVZrfzmb', 336283, 902053, '1973-07-14 08:23:45');
INSERT INTO message VALUES (370998, 429124, 'XbjpRiuQfZVjeggtHZ', 931991, 733054, '2019-06-22 19:45:36');
INSERT INTO message VALUES (735002, 580581, 'tnclcqunqWJstBZviZtQCt', 203939, 263213, '1965-02-11 10:12:38');
INSERT INTO message VALUES (148152, 931991, 'NAzCCcsVbrMrkKfqLJyAuspLbVg', 564684, 965017, '1967-10-05 03:40:09');
INSERT INTO message VALUES (475300, 993662, 'rUwocwPSYJHWUVorGDUuOQBrESCBqZIylhNVqaTGoYSIpZECCgeOJBvTWKiXsMUbcNtjprTniZcDWkebxzcBWQukAYTqJkDVLmojrfpmkRjZTpUfRxSetuGFbuEwdMjxclMfTgRpkXubxswI', 587102, 859235, '1962-10-09 22:05:38');
INSERT INTO message VALUES (952367, 344417, 'YQFmSzQxx', 24245, 859235, '1964-12-17 13:31:00');
INSERT INTO message VALUES (229328, 148179, 'DHwuGcMwvTDYxHBnWNKsmBaGhgUVYmbSuxDMiHxnZfrqlZoiBDTSoOgMMMOlPFILXIUtIaTdWinDkioLITEEBpbXNLbOgOgbOqwaNciIJWHGaqxVzzEwBz', 729910, 902053, '1979-06-05 18:32:29');
INSERT INTO message VALUES (961349, 122029, 'bNPPCBOHwIaoSEKslKuQWdFaaUwZyzOjCuaNmFLyYetsVocGVPMDJOkVHdQjVYGwxkRgnBtpmzoIReCFeDaLndiQNRodPIpRFicvNnqClVlbFDTivDSHptoYjpACvWztsRkpPFlem', 564684, 859235, '1996-02-20 23:44:48');
INSERT INTO message VALUES (641181, 603303, 'dnQFLMhAcfWTKRjADTSlntTIHVfvlUSGdPjNRxsGwOjzfDnAaSgPkhBTgzuSDRkddBOsNUJ', 625797, 859235, '2004-07-16 09:22:51');
INSERT INTO message VALUES (804504, 37446, 'ZLXBrUJovJZDxEwLXFdQIgsJxSCQjGPwkjDMFFIzESqIAHND', 151752, 965017, '1953-02-17 19:37:05');
INSERT INTO message VALUES (919595, 649431, 'QUOFNElCaCfMXrSNtGZvJCylnInHBtiodbDoxbPy', 218904, 902053, '2016-05-29 21:14:24');
INSERT INTO message VALUES (72664, 345384, 'tryYeSsOWQpeGeWzBGhBmfmoJVqyxTswJnscKXQxahZstbZySGqSFmZJhPCrePCkIPMWogblpyPdPzfzYglrQmfsObZzsiDgbCpwWHwkJgiuMGStxXmRjJjXTPRFzoRGitTGkZzlSIGvTmvVqBsiepEczdwcfHbSHXfJWMghBDSkOBQXFKhDNpmZvjd', 836738, 263213, '1993-05-06 05:48:04');
INSERT INTO message VALUES (803022, 148179, 'QGAqhkrefrKqUdsvNEyBuHnKmcTDwdCubfPfwIzjTencLNwVWlAWRmaccUWeDLeeEwfPKyRzrxLChoLE', 201893, 859235, '1950-01-19 17:03:31');
INSERT INTO message VALUES (133595, 883372, 'inawFuWTIhUQjcHqNyXbjgkbwjjXBUGDthufgATpjexjfPgHupFHnxLichWezzYdauKJSTHSlesyPzFaMmSnyboKVCINEKqinBCwOzMpwHNjjuVvNOaggyyJRLckFUmtsnmyUEFCGgAfqcO', 452871, 859235, '1961-12-27 01:26:54');
INSERT INTO message VALUES (356957, 836738, 'qbsWFlHGcbsIMLIDDiNgtUeRlJCEQCWpmAeaAYRzgokPoAbeRoULBFpKgfYVqXXrDH', 452871, 146832, '2004-06-24 02:08:28');
INSERT INTO message VALUES (534979, 311534, 'DnZVLZWIsRMTeZdDpYiwWFEBeGldxGLoxiDyOvIrLLgifvzsCLiFsgZEuVVhtEXEYhwtrcZqZgHzbKlVvugMkipnMBHbujvVmrmnwqXZcsnSkPMmwFWcSZFDLswtvWxauQGCGfRjGimbjyecSQWcFsbrlbZLpjgrXGYJrtFdOCikXXDpDCn', 429124, 713263, '1994-10-14 15:18:52');
INSERT INTO message VALUES (648385, 581300, 'mTdGKyvGEkzVmdenaKEeNPpoJDBcfxHuViLiCMzUAz', 151840, 263213, '2022-06-02 18:52:00');
INSERT INTO message VALUES (488856, 293756, 'ytfWpsoCBLXcHzLcKlfBxCujZrrQBuYeLDAQzboncfzVpRqvuYhZXwgBHTZaqwnDwsUOLAQHAZeGodmcTJqATckXAqrkKkIgGegn', 399253, 859235, '1972-02-24 06:50:17');
INSERT INTO message VALUES (988233, 768610, 'hmCUDNNbLGPScCYImxoTjnNvoxJsMHiRpJkZubBQrHoxAoQSpBsXyLXLxASWNIBVsAIXWERvepbdgtVALedoWMpJDHqTXSTtLdKTdM', 557084, 928567, '2009-05-06 17:44:54');
INSERT INTO message VALUES (873510, 910507, 'iYqqaTfdGrSDxKyiwyWyHDuYdnHZMaiiPqJEOZlHBiauglNoLgsBaijhcWcLEiKdmRpoECVWlDzO', 379075, 146832, '1978-07-24 00:30:57');
INSERT INTO message VALUES (790997, 489866, 'SigvaJpiEIEvitchKUZJnFCUhdBTWpLoJzLwceTLkUTfIsPQsLXBlJeemDdqJLmlmdelmrWzVgmoEdPnrAIBamMZdLQvyRlkWlKrDksUurglpKgFSDFqfUXjKABNbGmaQtIYfIYZChtRaeWvxjVcepmKTwVnrrivkPDyAFEOPFPwzWyUOUJoQ', 737290, 263213, '1967-04-05 19:12:00');
INSERT INTO message VALUES (909047, 972494, 'vUZWFoUwazLBIxYTegkLpWVTZmZWacYbrEjiKwrxZBriWsZXpIycsAavkVrurjXBOravBCINyfYExiJludUUXGnQtPchwaBpjCgAumkRcrIecKFUlJkPEtNvRdfcorsKwHGBMYxUxzjWBlzQIhSWdnUAXDuZFVoGdEmzlARVgWFZOmmTNNqdt', 169564, 733054, '2009-05-07 17:30:55');
INSERT INTO message VALUES (680433, 993662, 'vRqMROiSqSMLDcllRXfuEfHZlHCuPOjjsGNRiLEudwKWrwBGYsJjqrvBwEOThkkEwGbImuUuDaeILEGNJpHVpgaQXJKaDuUFbCCsXVelsccAdxQrZLnBcEcopfVVDoTnAjXNquoJAWhiyVKsANNwcKwNjiVpbPaLHWF', 552361, 713263, '1958-05-04 21:06:18');
INSERT INTO message VALUES (445378, 229173, 'ILQmBSYgiouwyCjwSScFOkeVAKixEOWqFIHyOnKWoQzgN', 169564, 965017, '1992-06-27 09:49:00');
INSERT INTO message VALUES (136794, 345384, 'VwLGoUWYSKGZsvtempPoKrZMPLfHRjNyqUzPXithydMEvfQSHNpiYWTSJwBBGOvbGYJqpaLFwjmYNbWgCanDRVrDjJdIBelGxCMACzvHsYJGxTEMJIyScRdATGaOROsPFwKlnfAJGUhFvvxuVAYLUqWTvEtgAycxjWcBEbRhLlACyEBNEESdLhdrQnyARayeujlA', 27876, 859235, '1983-01-30 05:15:32');
INSERT INTO message VALUES (458659, 995118, 'bVwYoZzVZnGhlOFqRXqWlyIRfRTYSgsmEvk', 842625, 263213, '1977-04-26 05:45:19');
INSERT INTO message VALUES (328043, 462061, 'OOHBlubJVyHJVGwdpQxrCENHmCTJDDOmwYpvmcnIOdtboDGzCMmjgwfjPKRYTXzHvLCdKIDYaTLXWwCANBGfUBsaHoXiYnfdCaBLIArLpIeMB', 770641, 146832, '1984-07-03 23:24:54');
INSERT INTO message VALUES (543682, 345384, 'FjugzWtOhLGpyMrzvvmqNNdoApMSOPuyXQnmPPtaCtFWEzRtTjtfEIzMIMBXXydkHuMUfhgLaTAfhXuricTaxvjEkknxwpVLzvLTsomThIGDAJMoGxIEkfQPgUxNXoLaYWswMuEn', 122029, 859235, '1960-11-05 09:22:16');
INSERT INTO message VALUES (416526, 148179, 'gmWVLDgldqyMGMHawkBlZKXVvPPCHlNnVJMYwlaEiPRwJdJmYYBVRikOlpKm', 836738, 951115, '1981-01-13 01:23:24');
INSERT INTO message VALUES (206813, 580581, 'KUXWYqvaIYsfcVGLVAUqCTSNLKFrZPZfMRIRUdgeVcYNxLJFqsFcHcLVDystbbhHTfMdIbEsUVBHsnWgDKqbiWSTQYEuICjCvafLUhOWhRkyRBRJMPBMDKsdJfiRddiGaWkdbmrbgeoioi', 910507, 859235, '1958-03-30 17:16:27');
INSERT INTO message VALUES (597420, 850388, 'OlusoPQsxOrKqKDmBqjEkcxeANkXIgqGTvIHAKfTSFVfJqqKrjqiUoWUXgsZEzrNasWOIABTTkdBrOpFiZiHCRYuJZyytciVRIqjwDZgBeBuDLLXqFfNpBRgyviVwiWsPs', 253302, 474129, '1980-09-22 13:14:45');
INSERT INTO message VALUES (860630, 842625, 'WXWowjtTLIARaGkzMyLKgZmsQgKkxisCaYSvfKHdVVCVmzgozcFQnyihlbwKKGEGbHDfzqJmOtkANfHJDKXiuJxoyicWFhIATGmxOJBCdZzgXvtMAhWOvNXVXFewbSMtxDOzXFcESuiDF', 729910, 146832, '1993-08-10 20:33:44');
INSERT INTO message VALUES (693581, 151840, 'PRqBSScwLESyLQopQtjUncpLryOpXpBtLyIdqNlLpwKipyNkGFPPquGoxpUSqsffrsdbbfQiGsibzfGVtXvCxiyPesKyKoArfHtpgALjsiJatobAyIvIUcvCHuuvLLNEMMUgGtEjDPVpIERgFXYtlEbXbkuYKWVSFKoLFGCDQiSgchbr', 462061, 713263, '1973-06-19 11:39:45');
INSERT INTO message VALUES (371249, 450122, 'KsVJhKMxrycFrrjDaBuFNfTLowZVOIyqIWwqYxRcFMovHUoaJDFZEAwMXebMLCkWpx', 24245, 713263, '1955-06-17 00:36:37');
INSERT INTO message VALUES (808782, 432025, 'uUXNlnlJAfnQdPqNMNEcLutxajRITYzKjiDfUvvXqQRjsTHPrSbFYTPjEIARvcYJTBuhZHLkhGMcOoBOkgZQqNbKkUBDxMWbauWTuGpWlptODNMMVMAoyIGLGJQJFNlvvRErKHHpjKMpxyWcNkdgKZOVIlGcXdNMVefSBLAYwpXHuQrHpfTjIEqQLBAuRJCePnGNJztt', 757547, 474129, '1987-04-30 21:42:17');
INSERT INTO message VALUES (137635, 955715, 'SgLHAfAXyozMrNTSsyfDORxASdajddriuqZXTmRJBeEOVHqFSFcetGDqFgTSPWsAivnOnOOVriTHMDHLwAGTgciRIkhMDSvBgwXEPEtZxkvYxzn', 10266, 951115, '1998-10-22 04:02:02');
INSERT INTO message VALUES (577676, 855864, 'nhvuteFWogGpOQtRVFZKrc', 552361, 263213, '1972-08-15 10:45:33');
INSERT INTO message VALUES (202470, 71971, 'hcXhOPGBxyoZpvjZyKvOUUiUASOVDwajfLWqCcYekAxiNoOTKKkFvCADzkPwgewdQSnkFiROeZzjjlYmODmrOkkJGUINEIHIGFqrpfXpSsxjvwUVLSYOCHepz', 7883, 928567, '1953-10-30 05:24:08');
INSERT INTO message VALUES (418810, 955715, 'TtPiHiaVXnlPDMUgBmmKAvAyZeqDAyPYFHvDDcjgXoIebkGUDsRQkRkYLhSYmFjNwQxovaNqNXAcbKrdLPqcEJICmwYwVkJgDCJWpvWGwJtMdEkVtpZQsKFiOmSszYOFTmjVBlTgNgpptUrySCkPFsIuNyBSnuHezqZMZjHoeBpfmzUBFVrO', 552361, 902053, '1961-03-30 17:04:28');
INSERT INTO message VALUES (199072, 737290, 'NTNiDptSbtFpMENxMlkzxpDzcsAKnNZgtjvVbHzAVxmjBYtRdqlHDSzcAfhjpHBKumqQppnNwZxUNmGNvJZSgNQCnQEyyyuNBNcPzKiRSUMvIvfdIhzneQiabYFHbTNtXFYNFEvVcTpC', 931991, 928567, '2005-07-24 13:26:40');
INSERT INTO message VALUES (464787, 910507, 'hmNohHetPRHGvpuXUVZfgpKkHaRsSJZpN', 344417, 902053, '2011-01-24 15:33:51');
INSERT INTO message VALUES (278070, 218904, 'ZwlNfbxEJzetdmAu', 253302, 263213, '1968-02-17 21:55:35');
INSERT INTO message VALUES (280848, 819089, 'REyFhCYQywbDzSySallIryKZDyyRMNaaGLEyUJkHOynNLMtxfFdlZnYaYiGGEvPgHeEbaosXdKHzQYURqWSBVMLxHzvfinMKTYVyxSGpOpqqeLiiuWcosHxJcuNPFFePhaiaIUqNFTqiHSq', 59870, 146832, '1991-04-01 11:39:42');
INSERT INTO message VALUES (765626, 336782, 'cvcQhJXxxjgrxOWTkqliNHnGDoiWrFAoZBiQpPZQdyfSwEpIaMZMjzqwFZEOnbpCGhcxZQCRRXiBrPwgptSTxmyqCDrnwQeSqRWSyiNYelKlFZaDZWGguatJsoxLvByxBiVeRLadSjQtRVzwdZSQofVUriqHElYhfhwnbXJiFMdHYPvPguNceLhHTYYiYgfDcU', 580581, 951115, '1950-08-15 03:20:54');
INSERT INTO message VALUES (381398, 452871, 'tiLgiRqvqSJLQNSRIxYGgjSiizQZAIsRcHpcJxzOGYrbRYHiBuzZoulCNtzfjkuFkrDXnZfoAngVbtBysNzeRmsjuDsjnrbAgxsTSskxeGGWHmMiTwyCbeEUeKCjjMOkANfNVSFjHyBHwavFyYyZneyZWC', 580581, 474129, '2007-05-26 20:53:36');
INSERT INTO message VALUES (68663, 24245, 'SuJHhMHjdfzJnSLigmtvqyzzBlNqLOVScKxkbOLCfkfLdhWYxmqJUpJOOvFOaUZcVasExGwAXAPWowKBcROkvqOwHVYeDoQBBnXWHEpGMGDiUrBeUdxZkhlJNZvgvpuRGIF', 782721, 965017, '2023-03-26 05:12:31');
INSERT INTO message VALUES (444881, 399253, 'YWUXgpHPyZOCGCEtanchHMTBhlZxFWNkjFBhBSFERPXMhcBQqgTDHqDiBLHPnYWmUkunzxyvOgCIMMItMontfSegpxtEFNJCThIGcQuBUAsUBMZPPRSUjTqKXlWjAAbvwdQrCIycIIEwJjrReMDDnwAIuDGmhVdjvQyFkqIVHfEQfFORUSvlbZsMgJvaEzIrAd', 883372, 713263, '1975-06-23 22:56:22');
INSERT INTO message VALUES (326750, 914980, 'GkrhgIIQN', 108815, 146832, '1983-06-29 07:46:54');
INSERT INTO message VALUES (940741, 462061, 'CinEgRnfJnQGOlVgeueEKaRD', 203939, 859235, '1957-07-01 10:30:23');
INSERT INTO message VALUES (850646, 625797, 'WOcSTDWbwDqPOUmRkFCQvTmBHSyqBNfJlkXztjpHsptPXZnGpKYCvFgSrkeWsDIJwLzfCIdhwCfVpYzkICUrkHvvfnpEXfHXfHODPOFMcTeZquOUyhTpBaAkLURWRPZgtRpCVRFD', 254872, 928567, '1993-09-08 21:01:31');
INSERT INTO message VALUES (195271, 860233, 'zDRkrrZOYhAvpAMoMfBMBBNXphzquoUePccZneGHBUQqiMMUFvXKohSyRkfbWOTArQbIyo', 203939, 951115, '1990-02-16 13:29:42');
INSERT INTO message VALUES (679176, 203939, 'TPUmWTgpBZrdSfRUeJLpVRliDggSnlHytaWDPAWoRydmJyDJqkxLAbgnRqPLijjmWvdlOqbzBZjGQMftSpeTWdMcl', 311534, 859235, '1984-01-06 06:59:45');
INSERT INTO message VALUES (903086, 782721, 'JBEUmbSesvgneArqueefzWhyXAlovxetZAmJzXcKtzjrOvbPrjtVbOzVsIpgHGqbnQfAJZZEJCYHwVREwdYqdfoGHLNapRziQzSprxsMOqsTiCAXmMspLHSxbpqcOrrxfeokfQaiKSQqNDnTjXsnSIixxUx', 139411, 965017, '1986-12-02 02:57:54');
INSERT INTO message VALUES (633170, 769361, 'FesxMSHrThywWhTgZ', 860233, 146832, '1964-02-04 10:23:19');
INSERT INTO message VALUES (245866, 462061, 'ZfLEnYwbdIyMLoJhRwqeDBQrRJLGgBVYe', 336283, 951115, '2003-05-17 09:10:17');
INSERT INTO message VALUES (57078, 679718, 'VvfHuxEcBueEeGgVBzUMNZJzoYyPLDIGHqQOiukJVLGoHDNXvlwlFPqKeJizKKERQrAsogohHQnBBxzUg', 915389, 713263, '1978-05-10 08:10:49');
INSERT INTO message VALUES (698638, 603303, 'INniEDgQHDOHKWbSupYUKXQxkXMIMeyRKRAYDKRdXrZcLbhGilKQnXEVeePpHnmNPEBCQhUmDKMSVEvjGlTzlLTZismcDDinjgKmMPXwMBFugefOtoUjsspbfTvlMDhnEoMqxwrulTw', 151752, 928567, '1977-07-02 05:47:18');
INSERT INTO message VALUES (365372, 450122, 'iZwmVqWzzMUAGCEiGQwBajmkgtrobvAvNNOzRiaGeDcEcPlQoNYUgpVqwTxSgyateBsmOEJf', 910507, 713263, '1958-08-25 05:03:12');
INSERT INTO message VALUES (780322, 625797, 'IcHRIjDvqrMzOBANKhZLIhCWLadnozMQYIBMEgijTCCwkxgvheapjsBjkGhxNkNGAvZsktDQoAiBBlxcyTeKpdRisiSCOtrpuXXBlzVzfTLwpOfGceQJqzFEZefyBDIcnprLQAypMjFWZXAnQXbUXJBmmTJvgDUqEJoBgleyapokpQsKfKWToyAwSejsyOTkPNZdlv', 580581, 733054, '1965-05-17 13:17:49');
INSERT INTO message VALUES (420202, 901528, 'qGOhpzNQdxCVylDHtZsXIJhhdOUbvoAIhIOXzTjBervRHraT', 191126, 928567, '1999-05-16 01:38:34');
INSERT INTO message VALUES (999263, 139411, 'RpUDzoJSaQMIbgElguqwKQqrCCeebrKNEtYQYiqkVMBWHOImJTPoTCcWfBCnWKrqodqUksZqscvsteOIuKVJnFDrAPhMAyANhQsCCLalszjKekJzrORDGOcSuyvRRMmGCEuywPUkKPWHPrXbHWVrvLgSRzHYdmfEdjDaCQKVWHKybOLzuK', 305948, 146832, '1958-11-30 01:28:49');
INSERT INTO message VALUES (481739, 218904, 'ZNXJxYfatlIQuVSwqqJoTGesyFQYgstXfANjsRIqNvZISmTZYBCiidqoFuZfyvTJBOvXMmRFjesPts', 432928, 713263, '2008-11-13 23:20:16');
INSERT INTO message VALUES (76732, 867062, 'GhEoPnsFXVDVUYmOxkuyVSfmREIbAFyCqfSjzNGKEpeEdoSSHlRajYzEjXlYWvatgmPPSzQkusMjVMPYwvPNOmKSqxjtmlhCaPTNSoPmGSoRnwLHNZzsnVVBGboTwLCI', 580581, 928567, '2002-07-30 10:20:16');
INSERT INTO message VALUES (762076, 860233, 'TFFMpjCLcC', 336782, 859235, '2010-01-04 10:52:58');
INSERT INTO message VALUES (384641, 831345, 'HDRrllsoBZFNzCgrcHGqlGMgyzVlLQhBXGMXjDbffFQBjdVHGwEPWtbzGFjuFUPNuBCznzyhvSHGsdHqbmMfILWkzASSCnDkkXZCbXiIHxxujt', 499551, 859235, '1991-08-07 23:44:57');
INSERT INTO message VALUES (661010, 914980, 'GySPRJbRpbXWKDSTQQkMWxaVhKFifDrxHuJXnzgBrFhXuynUMyezgPmxiwMIMpExSmZJVrfVpIRNlTCkCZYjKXnajiYKiuiuLwNtEYNhFckhyRHACdJAbhVWQZrDsnUUwqBumvDqunIeNt', 122029, 733054, '2003-05-03 19:15:30');
INSERT INTO message VALUES (945276, 782721, 'yCqCywMvChqBBsPwIIcbSJpCayXvAMSFRAJIWtQbLKSPwkgToGXySSpptHCBmMPUewnoRzyCrSRRJRWQEcLbnACiDeZzFoDQQgRFKtHEnAfZzahkZRhCEtcAaIGvmIEnwVQQUoBtKGXvAgzGMaSIcrt', 918931, 146832, '1954-08-27 17:24:29');
INSERT INTO message VALUES (293177, 827708, 'WkosbqAoHbalKknAEfuvUzjfxcmDAkLPMCEGQhoRWyGYKsxizFKlaeSZWeAhcmioQHQhPNFTChpcXEMmykQffplFFopjHrTZFNMbVvJVHZrTlYIBl', 552361, 146832, '1979-04-24 18:33:42');
INSERT INTO message VALUES (754071, 311049, 'KNgiNmxmSgFJgfGFZfgCaNLbSKRBRNDHAeCpEJQnvVItYhmIyUhzQVqeBbSYJovifgmpdqgOrWCtuUIXgw', 336283, 965017, '2017-11-09 09:49:02');
INSERT INTO message VALUES (63741, 860233, 'uNmKfzRvyjcevzRIEUbjSwTNNDfTUWgyabJyGeXsqIvluVDHscTKNUtmsxJfXXdYLuxESYLieOxPbSplJymiQtTEPGblHUjmzsNcpdxKLkEadS', 24245, 146832, '1972-02-20 08:30:32');
INSERT INTO message VALUES (885098, 587102, 'qPjAXGgpKPxsIGCcPzwbAJfxMshSgUFMGAQVeQmHgiXsqHcfEsDrfiXfnBOQFfMVEVQwXvoBgFEyrWABlmYScAbYcXvLykwIQKaFYAWgSkWnUdmETRFQRGXwVViTEFQegbSJKmYBNlSKGJtoiYOvdfpUILaBcFGXGhQzCgFovmuWmSojIcrkzayI', 10266, 902053, '1999-10-18 08:43:42');
INSERT INTO message VALUES (939828, 429124, 'xlLyMWXSWTEZgQxDThMzechtdF', 24245, 146832, '1976-12-07 23:55:04');
INSERT INTO message VALUES (160243, 450122, 'VOkKsMrccJhhAoFILpqlPefSMoupexQncNTEbSFNsoiPOIpvlLkZlbeFYxDXbHdYjKkIsNoJIENWPEoszMDiqtMrKaKIubqoQoWuLXDJznkDwokhYFefbNNSOBAG', 518150, 951115, '1993-06-08 07:11:22');
INSERT INTO message VALUES (69129, 124928, 'sDpveUQbqyzqjAozIHLFoBkBfWpECTrXfzEwiGSiEtHqfMsRmyWUZQFtreyHQAtUVuFcTsSmQsTPAseaeK', 169564, 928567, '1993-07-01 17:59:08');
INSERT INTO message VALUES (128219, 995118, 'QVyBkMQATK', 552361, 474129, '1995-06-30 00:19:35');
INSERT INTO message VALUES (522518, 254872, 'BcpifenaPMVsmcseXLNaSEPhgA', 98637, 733054, '1999-03-28 11:16:17');
INSERT INTO message VALUES (217163, 782721, 'tprblfzWsUdRqyAqgScOykSJAUMfeWEgISekNniYdzKlItCBCcFRxywOuISoyfudJJJjrMBpryIYuZzvFENKb', 124928, 928567, '1998-02-12 14:57:46');
INSERT INTO message VALUES (542095, 557084, 'vHpxLmHtlsEhnfclBUWxzKqvTtuYqyxyfLWaN', 489866, 951115, '2001-08-08 15:35:58');
INSERT INTO message VALUES (811264, 552361, 'QmscfTcAXLqHulmGxdlKrRuVFhCjmGxmkYKyFqcsWwWBTcLgdcbbmOPrWpXsQLgiwIkTCjWDFiCZqBqknAWJNLBPDGthFcKbZ', 10266, 733054, '1962-05-30 10:21:52');
INSERT INTO message VALUES (666040, 98637, 'uCthTZeQOPdkLvgrObxRhwxVDPeoSyQFccQIJKfUdLlYzgTNlaXUlAqpQAWA', 174406, 928567, '1984-01-14 02:49:10');
INSERT INTO message VALUES (871333, 458366, 'qkaPfmiVqFNTYnlKKqSWMsrNxSnXodvSJPSqwlmHUGjGJlNjwsAkOCNxmJpxNFLPCxyjsnPqLOeCgmBmqVcATJBODMqDMWlIWBJkaTyKwqxaiUkcFweMnUULCJpqzelplVQiafEnsdnPEFlmTJWaycMeDXHdtjyVPFiuGJDHRLeJHEgLmpvD', 226225, 965017, '1976-07-23 02:14:17');
INSERT INTO message VALUES (77010, 580581, 'ivBBLyHFcGpICgASGszcsjVnYMTlnndkXTtTMMHmzNWALmroIFjxPzgGGbMOriLqXDaFgQIJtZxVJNvmdwlasZrK', 757547, 474129, '2017-04-20 23:20:13');
INSERT INTO message VALUES (7279, 757547, 'NEwCNvGnthdphCekPxzAZgIvcCkRLWbKLjjVjsvf', 564684, 902053, '1965-03-11 00:40:12');
INSERT INTO message VALUES (111890, 768610, 'dHrflZkPpxdIssieWLFfDBvTqtMJpeRTdgjUEaJAwbfcLuHnnlJxebVkySEimgMmjCjjNrIKklpwcwYVddKoaVWGiAYgUYvucjwNhBFNTbXtsBrEoWuOAGpzDEbkbyfiBFJzcBOsOVTUgcLGAjUmXWdjJuJaDtiIjilusuRGGQoFBJCQPxUcj', 618126, 951115, '2022-03-04 00:36:14');
INSERT INTO message VALUES (139028, 667580, 'fkysRxqURtvdWbnsDOVKiHKlxCVLwyJWVOtklrQMRQebeyBqOgwstMdYGdypswHatTcMVNgoUFkjwFsJmRyeKGfgCznBS', 518150, 146832, '1974-03-02 05:50:49');
INSERT INTO message VALUES (468682, 552361, 'vpHBfezioDXxUkGhNkSWhREFreTGPGDXDT', 218904, 713263, '1963-06-22 17:01:46');
INSERT INTO message VALUES (832014, 985284, 'KoIVxKqywejpUBuNuUXZcoSEdiRyYahPWMhxxrfGrExiqeLYKtJUDBuCjNDhnvVzEsJrKFUzlZjJgVvhGFPlqGEaUXfbCCOvmAtCahVZBCNRuXcNOewHnFAKyikkFldqcgvBJcQOtHvVmSFAGzhESdYjiXsuVNpaJbGBsyYhcE', 345384, 474129, '1990-04-23 21:52:08');
INSERT INTO message VALUES (655759, 782721, 'tayEHRQRDdiSwDGlMYSSgijVNBNHmFoZs', 253302, 951115, '2003-04-08 14:18:23');
INSERT INTO message VALUES (586524, 581300, 'GzvQAxCzJwOyygvyhImcEpLjfyBL', 452871, 146832, '2009-11-01 12:01:22');
INSERT INTO message VALUES (522659, 770641, 'KGgokSTYBaZQRLzYYddzvmLMaQcoaKiSBXBFDyGBbuoetuqXwNMAXEnmrQaWuCNJSZQbxtNrmZQQnFDoSPcW', 625797, 733054, '1974-06-12 01:20:49');
INSERT INTO message VALUES (167797, 336782, 'aGlIgURt', 867062, 474129, '1952-05-23 15:36:39');
INSERT INTO message VALUES (196538, 122029, 'ezGXOpgybrYVIWjeKwDxsGDQBrMP', 552361, 713263, '2020-04-28 04:10:16');
INSERT INTO message VALUES (993175, 729910, 'meSFoVYfoTBbtgWvuQaRiWTyoADOJBwrqDTpDxGraEQfWAWynWGYJjQNSGTnoxIXRLZLXVZWiPJfPkqomZnNntnYcWJiPWkzlvaqPcfFCuyCEYtY', 827708, 859235, '2015-06-03 23:22:35');
INSERT INTO message VALUES (481749, 489866, 'owvzXZrRcJoHhJxiWepiDiRJFmgfjXAkhRlQBZKpIowKowxHvKVkekpMJxGrQXWdclXvbxsGEealPaWEFmEznZAQnIgWmWZvjUObjbrIqnrdvcVvBmXmVFhdAemhcHq', 221896, 733054, '1974-08-24 13:40:03');
INSERT INTO message VALUES (864565, 552361, 'JXLyXvUclyMNjWoZYTrSMfEXGtfbnevOYughHp', 447729, 146832, '1982-10-03 00:15:08');
INSERT INTO message VALUES (891996, 769361, 'JvcorNtomWQwxPFCZZWMVwgxOazmTHiWXdQdlguGcdbrRUchxPrarIedIQuoVcTceVMtDNJETZDUNRnZyoLysdbefxmysOwOEnYHtLlRqzxbueEyFtUmFSHcGuCKmiI', 934665, 733054, '1988-12-16 09:17:05');
INSERT INTO message VALUES (622410, 201893, 'riozoVAnFBRICwFNPCnQBlEPzVSSVoRbyqCkdZpfRoSGgyLvsuBebEdbTNaeZTpTOZrIIlCULaxrBLGJVYFsZToJuFIzJgEwKQwqYYuxlqVzmSNcSUAWwXCvqphGrbLAxDXAHDuELeRrVSWcvWpZRllclbuGpluaKAKJxIhgFtOLJdVxSxOkOPDLHelVFYjzByZ', 432928, 965017, '1964-09-27 23:31:30');
INSERT INTO message VALUES (908028, 914980, 'GCqBZhTozpXNlKHrNVPJhHqaPKNGSAUJiryhZznzENaeprMBKYsJOTnrjsvqIQrUKfrymWTefpnktHBPjeRTfZlmfJVfhF', 737290, 474129, '1973-10-02 18:54:32');
INSERT INTO message VALUES (843984, 254872, 'gBTiTGGciArHlRiOwJsVaOMammYIhAfvFdYtrakaTVfaCMDOdXletYLXLviyKetQmuwMNFtvsLbWLcNSzRSUekDZNGQZmmvxNbsTjdLtiTrCMGtTzbPhaSvVXasgAUdkJdCjydbYlCyRycBnKKYJnLZXjpYEkQKQhhanumaKJZz', 201893, 902053, '1970-12-14 13:10:42');
INSERT INTO message VALUES (887685, 218904, 'JYLMkGpHWzscJAtQBcCPohDugWcPIAbgmzivDzJKPV', 910507, 263213, '1990-04-08 08:46:29');
INSERT INTO message VALUES (725211, 667580, 'GIgQyqBWxwohoCGaJauOAuZguWrAhaZgjwYojNmhbPyAbcwCKgFojbdoTnxYkGkuVtSvBLUVvyVutouYHAxVuoqwovHlUtZHvhOhTpSWibUvzsRKEjONszySQmkYptcvTiduhOPbTKCvwUjrrRZajnXUuLmO', 955715, 965017, '1968-11-04 23:35:27');
INSERT INTO message VALUES (389869, 985284, 'kqApHjCSmBasqDCBKyXoncoCTVpmDqHLimAeOACSMLQcadkaIiPMYOlbNgvRx', 229173, 928567, '1951-09-23 08:28:49');
INSERT INTO message VALUES (692322, 108815, 'rUEIzretLOWOUXXiRUbxgGpViLOEnGvuUoKAAlPDvpaeLOURDlpZhocNgHumLwYgTBwWAQUAffpMeJROIdpNguQBMktBhDtvnGvmiH', 667580, 928567, '1992-06-06 17:02:57');
INSERT INTO message VALUES (170114, 10266, 'MXwdXIgRKZSEatZzQcdzIsyPgJA', 336782, 859235, '1986-05-23 19:08:52');
INSERT INTO message VALUES (510833, 447729, 'OCYnJzRQIauYTdOAlHthlomNptCJTKVKCaEEsNnjNBmTrJSbhE', 895673, 733054, '1971-05-03 19:56:10');
INSERT INTO message VALUES (341577, 625797, 'MGZqgDUqViddppEvFLopYlSeFdKToSRLhwkbRIbrFoeMfqAhHbalGGSpHXWPdXlCQyQcwuclBxSmggdjLgHsBgfyWLYceUZtTJCwTzbcMrTwrWdYEVmipHGAJNSlcfZOgsPHReuyaxDKahakBha', 254872, 859235, '2022-11-19 18:21:45');
INSERT INTO message VALUES (858252, 552361, 'VzEWXPWgjLuutqjsgbnWJAOgSSpxyggbjpWqOBgCPCsuNYimhjHeONqQVVfGAPxXdBlmsJyxEtXpWTlWZjoqrqLSQSPiqnPXhGHKeUvxEoxepfiOpvlPNWlBkLgVRpYGjFZsDozqQOZxFwUhyjKkDlBCimemAxrhkUyDYjVymXYHSHlmHpuSzOJ', 458366, 713263, '2020-10-15 04:09:09');
INSERT INTO message VALUES (489408, 995118, 'hUiROmVJINZRTrspDBaeTYtbplpBeNoMFQkhrvuikjgiHApVjppwzVeygBNikDSushjbWuchYafKlSrQMakhHatJSHHKFNhyvQuWMsXKLNOWKrcAtheTg', 78861, 263213, '1980-12-09 20:12:40');
INSERT INTO message VALUES (797104, 855864, 'vZPUDJRqjIOyBEViOFQEDrOelqUYFWpQDWNAalYLfGkAsgqtOXmnZlySTIJOyhqTeLJHMCOYVhbfIFgwNSkyzREwxuChNdkdAWZHBwUwqvdz', 373260, 965017, '2007-10-05 16:09:46');
INSERT INTO message VALUES (941917, 993662, 'wKniORWbdgMwjwViLqQnxZocGJBLRgoZWHALOPMqyTUjCSUMPCdgIylcNACgUEDDybIjcAhvlxuMlWhsCfWOWhwtpVtkkKYEVLimPOEteXAkTZtgGLNWsPnUhDWHcfDIjLdXYJSQZOocdcHIOMeEbvbVmYOROXAVfdNrAobgKjmNANgjcTjKbVBYZrDvvaryiiP', 174406, 713263, '1990-09-08 00:36:49');
INSERT INTO message VALUES (134336, 59870, 'dxNvfsngBceqicjstANAeWOwdvNfXHkoyuzcEHpXVZMGJmZsQSwZrLLXBgkiRjSVPsvUDqXtsywPaTkkcGqwGtbmqMTqQnVdYIOgQBqRuOxYwNUdhQGextUtVBNrzBtBPWmyBIP', 311534, 951115, '1978-09-23 23:55:25');
INSERT INTO message VALUES (472330, 24245, 'cOvayjSldEDeBmFGQNyZPopSicDMGCSzRlJbyxuYZSpjyclLEbVDbabjBFceunMTzVAYGbXgYOySaKSiVwjGUjAXGjDvFyCmfRmxUdwKJueAWqNndmgxicHDrkozfTMQiZcIVODvcABVnPezAxVHfbNfaMioEoyKeutxqwbQFHoKTAMJ', 729910, 146832, '2021-09-10 13:11:20');
INSERT INTO message VALUES (985896, 218904, 'zVAuZPapPIgsODOOKxvEqMCakKfkmkDMMPZwwhitztmWpMRJnPfiXxDmHzUjYjLweJzSPOLLAvOKmfrWDiekyGSjKALM', 769361, 859235, '1965-10-21 21:52:25');
INSERT INTO message VALUES (540506, 336782, 'zojHVOQhFXIGDyxFmXxwntckfmu', 518150, 713263, '1974-05-21 10:24:40');
INSERT INTO message VALUES (238367, 429124, 'bTCgPDkGnkXqLnZjOHtVNKNhXjecFKIoaHAWkTeiWxbFzqXddlJsafuKrXetafWgRynWWtBEFrPTzTCJrOCIOchbYkfWsdYaMeJvrHvJbusfMtFcmlhetGuquwJ', 679718, 928567, '2011-01-18 12:15:38');
INSERT INTO message VALUES (252807, 934665, 'LehWdEnjBNVFNtCszFJWDeWNTQyaRrbhpCgGrdOKKhBYDGLZQalCOjbDcDdyIdPkFgARTFwhmZEBVxUQiAivPggPOWAaARoBAmmkRzkRszAYkDvBmNakHlNcYcUYJPpjCfthehAkgaqyBPxXf', 7883, 965017, '1961-10-04 17:36:38');
INSERT INTO message VALUES (590046, 649431, 'yMneBoVYSbwFNsDlcGiHwuosNodbbyClAPkoOOOOiyYDsEzSZjTCiTBjtXbHEWFohRDbGjMf', 305948, 733054, '1952-06-21 19:31:23');
INSERT INTO message VALUES (294647, 895673, 'vjvpAqMAAcVNnbCDfDIglSHFkyofxVmrXjHAKFZZaKjJjuewIeWXxBxROAptEPuStWvZYfsmBjMDgaWcECvEsKQPMlLrDmAmzONxqojEwxBMNGwsVLbwqUcRsEBEHDqzLpFQVGmQsPRELvqaTnpnhXpbSelTCTpJkJcNtuFQQMCrkPYNypNBcbwRrkrsOmE', 719360, 965017, '1983-07-10 06:45:44');
INSERT INTO message VALUES (292696, 10266, 'BmiiLpvnauIljBBqAtnRaXhOLBdyUcjtBZZOXEGbpMpigKCaahyHKWFPOtQmNNWJumNfNEpnzBJRSomnBFVLmugeUsc', 151752, 965017, '1988-08-01 23:13:48');
INSERT INTO message VALUES (12392, 518150, 'gCGIXxgnpKgSVKCZKXXLghCQRvRsDvhtuIVnousisBfvhJlpjBpswtuKxLdglFfQPAGeQCgeOBCEIDIfROuMcYHkdUGkwjxVfWACxJZhiVSDZsMvxaajVKcIXuHVggNmEUOOITIlTsjlpWYzAaVBFwskXiWxGrULPKmulzAmnRcDdsmTOlZpeYusSsomMZJ', 248990, 713263, '1955-04-26 17:53:09');
INSERT INTO message VALUES (91060, 819089, 'mGWrpXWhAyuMEmSwXK', 7883, 146832, '1983-07-10 11:52:24');
INSERT INTO message VALUES (683294, 564684, 'AxoOMTzbMhakLPtuPxKgMDdAyfuKnUBhfewjLfLbARYyViDuNMhDtcVkEyrbrafzxpLomduIUUdfchrfDsNNadgyRFmuMqKEzCnTnlXPDMjExuDlNuMKVHwEOrOxAIqHvwlAtDgsXkmIjTfdPjQyCjcJvwZDXvwLBTERMlwtaqLDTjVfgqcSz', 768610, 474129, '2009-04-28 18:17:17');
INSERT INTO message VALUES (236226, 831345, 'reGynxNYVADOjbhHgdmLOGgrrkPRJhtJjdrMACIiqpSiKHsxGjUklfdIcYUDuiQvAWliesqXLwtHWoarWFpqoNOlXSkNEkgdjgieEJVSKTCpZwElqjnZvNGLClMtHjjJvHIvApAgKivsrLzUgHSNWsuIwCtLzJSphWnDRhHaeUTbn', 27876, 146832, '2013-03-21 04:10:18');
INSERT INTO message VALUES (62649, 447729, 'SNbnYmbW', 557084, 902053, '1966-03-10 19:44:37');
INSERT INTO message VALUES (122312, 618126, 'eojrgUnGFkAbuOPZhPEOoYGsqZWNhobPTxbHdZqMeUAVsUoXCyKsCILcKXkJMGEFjbokqsKSJOVHhcvipqTNJGtfkYXoLwmxednJRbHDdestuneVYzkqfeqABQ', 625797, 474129, '2004-06-27 16:07:20');
INSERT INTO message VALUES (585021, 587102, 'mjKcIyzcUNWZrLsGCYqkXhHLmelfxxZAyHRkiTUihlGCePKLPMoUZlmBzcWqTiTxiJRfO', 174406, 474129, '1990-12-25 20:41:00');
INSERT INTO message VALUES (460467, 151752, 'kRGwjljkBAHgYsusonSBUDnoVUEklZNAqzFlllpmOAXhzfLXfONALwAFzyomplzmKsMfDKJaSzlygoPBScbJveFkPsFIkMXqlqR', 892794, 733054, '2020-03-27 11:10:26');
INSERT INTO message VALUES (597275, 226225, 'pDMLcvlysQYCnlfmUWjowcXNOTCqpyAXXSHOyZTfBbBQKkedfqxVVvhaUokuLTNjXeSkqqwpZKbYwKJyjSpzWWLaauAzoCkeaCElG', 603303, 928567, '2019-02-19 16:29:48');
INSERT INTO message VALUES (22377, 373260, 'isaGncEVypVOaurmJyoQYmZaVAWsypqbWVMiBNCjjyIsJvFvrLWIIsTLYzNMCnsetIkhPpKQwppTgReODXsrHnVLoBxIpzDGCXCWtvWzusWDZgIgERMLGJSgabStumZkKPMmnOMFMdlXkMcLuQzeLxkqaFTrXhhLNujkMmPNXipTF', 552361, 146832, '1962-07-30 15:43:20');
INSERT INTO message VALUES (586094, 836738, 'DDQiCUyhEfCJiVDaeRxyBpkBmVjEYeZkDKmySvTazmMbhLdWMUVsfOsLPaFsAXkyYfXeSAsoZSWTdQleIcDSMrOQuRNwzaRnEnDuVvsdqdz', 122029, 951115, '1979-01-09 14:37:01');
INSERT INTO message VALUES (735614, 914980, 'QZaLbFVXgfSaHPPzyzVjpNmBuqgVBFkptfINcVcCIZLjwzusmNggNuaFrtqPVWpOtaQmtonsVzkwX', 122029, 928567, '1973-02-20 11:40:49');
INSERT INTO message VALUES (378059, 151840, 'WHfpADszGuQjfpmWoZjByBXFJrWwVHFnoHbowDKiGMFueaUIZDfmUTUGROwBtSDStxjovO', 248990, 928567, '1979-07-10 13:49:44');
INSERT INTO message VALUES (320766, 139411, 'OYnHUofjvAUQMKrmoVdFnAfIJFcsnnfswnHDijcJjLdAbFL', 78861, 859235, '1971-02-03 18:24:33');
INSERT INTO message VALUES (528687, 169564, 'UcrejjMQtzUFereDGCtORUUPKqmmffNhllzWEdSAWYYooWgNizkHP', 379075, 965017, '1960-07-29 23:50:48');
INSERT INTO message VALUES (81576, 253302, 'giXILCImwYDBhvznYOHUSSnuVuDKwniwFkeIuKvP', 918931, 263213, '2020-05-03 05:22:17');
INSERT INTO message VALUES (680629, 305948, 'QhLabmwidqmUWkJAOggnunduLAqoPasblWsLflTuDpgjqeoCHqCAVl', 399253, 713263, '2002-08-14 03:13:20');
INSERT INTO message VALUES (764184, 7883, 'RLgvOkfpBTnqYGJiEKmCJJuWQETxsHmPhPjDwTcANYGuQlXXSYnFPJTblWUbjBNdpXJTwuiUcDiHvLCSoKgPZySzLUkaRljsOMqBHwdYiBIFvsQfGAXJvGnZewtKDDsxYcjSSCkOiejDbsIorECjtVynDNSMqwYtwrUdQpJKEmZAgOHPGLY', 71971, 965017, '2005-05-11 13:52:31');
INSERT INTO message VALUES (923470, 757547, 'MUdnniPVCgyPaFDWiwybgkbBVNNMyfyVlxWBbrxZbbMBfDHgTIRWXMjVvRvwDYGjESoqQRUxjHZLcSmvHtPETIPGgxixTFxnjNNDVOitgpAmjdaevIISdeQjZhJskXvmrINkNHxekPaCkzAR', 910507, 928567, '2005-03-20 15:47:29');
INSERT INTO message VALUES (236999, 122029, 'cGlEOevIBJTNlBDCNDcIEFsTUtdKGanKLDtmpdGAUOgKsvthRHNTdSCUYElbTaBMrjVoQnTAbEoixFjltzzorhqNOxogNQfuNenebnijl', 229173, 928567, '1989-12-05 14:32:50');
INSERT INTO message VALUES (136582, 744940, 'KPhsVXCFanOOBHtOcZFElccVprzSzRoXUMCsgpOMmYDffnOoLHFqHpxjOfCmTcmctEttoTBuGBiLGgnLlweTqutvkxUhxPpXXVuwzYOnUCKSASfnuXRDWOTfQuJRoSevqeJJmrJmAtXJWiPoxiKMBegFzYhvrSTHCmkFQiFYsZCdheVPBShnmcYxGmMjYW', 432928, 902053, '1959-09-08 06:25:50');
INSERT INTO message VALUES (569452, 649431, 'JbGZeRgZGDVXmGXzrwmAIpuUwKNPadluPPWNPaTtWwswBfloMXVSsDzyAudhgOAhgdInyQUnuwAweaVvzL', 757547, 928567, '1981-11-06 20:15:50');
INSERT INTO message VALUES (921034, 901528, 'hPSJJmEbzJwYnPTdIKhJpNarHSZgzZgObedelRosbuApITiuJBKdwIhAVYQzDNGdNXszUbFSKuaWDLOGStjrJvdLMLjJeCTqlwZroBdpOuUjUNomaQdnxrGwBOrYsXLUoDnyaCaplSMOLkzmeErHOxMgAwWXBYLLKtNqcnIYSkIYxgoVeaAlJdvNkh', 819089, 859235, '2007-03-06 13:31:12');
INSERT INTO message VALUES (854309, 914980, 'kCpMQcZumglsLSIxaZoTHtokOsivTwdwWUInGjmZPHaWFIpHJvIhUHveBUlYoWFuAstQriTXORfTMamnaAONupVaCMDiAocKSCFQJEmeGhgJItGAGIFvbmMoYWvqbJQfrfgYxmikSHOlxHbAXveLsLFHtxhfwUFxTFYOTAjRHUocROAR', 248990, 146832, '2016-11-29 20:39:04');
INSERT INTO message VALUES (427903, 37446, 'fgoZEXamRFUGIVViIEpRrSMVaxKbtMWbEfDRMCgeqSLROXTbsNOvMMHfcLTFMMFFMUKJvILpXGOLTegSAXjHqUVwxEkHPdEtBtzBycbfKHZnscWKNfa', 770641, 146832, '1962-07-23 07:39:38');
INSERT INTO message VALUES (220082, 458366, 'OUtofWSODZNOezvoJvlgmNab', 27876, 951115, '2007-03-16 07:01:00');
INSERT INTO message VALUES (497218, 581300, 'WRGfRFznPjvCFHpKyeiwrcrQMBalLvsSlhdAYvvJiijatRCtpFnNBiZlBrJkzOV', 860233, 474129, '1965-02-17 11:45:02');
INSERT INTO message VALUES (417543, 221896, 'bMvzYYVuepZFdEfydCFvaurJvFNuQOUXfOyyKLDlKkQaKnkwLboCtRLsBhYjWgirCjBPsEzzvaFELFUWRyGHGiqElmNfvPPzoZNlrfxJIeCzbSdxjJRFbYPfwFMJImqqTTtQLCUbWfpLsDHSerpohkvFqlBljfxDueikHfziqUzCRtpGmysnHpSnDqvNKwuWnHeI', 836738, 474129, '1981-01-17 09:34:16');
INSERT INTO message VALUES (550108, 918931, 'rOxAnIzmciqPcOCESXhNxcDavfoVPbdVSPpkItXSdybQttYsQFLdpyKiUsmmwcGQIvdMPvvZVhXCQReaXJhsMoIszizVMGtBTUzHNyBXtMBhGUErbrdXhKyougbFkaeGvDpnWssUIXPxrPIXoUYrustlmcnPWhcOOxoovFOFyY', 37446, 902053, '2016-09-03 15:54:26');
INSERT INTO message VALUES (737099, 452871, 'QefCSJMiiLMIQGKXoXiKLOzPHEZDkdvcaNLZvDeAbicQLNQKoCPCwHrlVQBSwUOtTDtplOqryhcTXxDkvcUOTiiMNvINtDBDOcakVLzIDMtUDwWHAVGELUwLLSKOKsvWLeVNbPDxQpUNLRcBsuVrxrWAGDkDcgXU', 552361, 951115, '1996-03-03 01:44:00');
INSERT INTO message VALUES (175612, 819089, 'hLrPREBMwPrADnyLXGZNMsxFoFATkUADAmDIPjklrCIlAnHhzrKosyfvVriPxhkKfo', 580581, 951115, '1959-01-25 08:15:05');
INSERT INTO message VALUES (316556, 148179, 'latdWoqtaHpOmDtAUnlElVUECvkVQFYynpzKqkHZjXDfolxZLiNowWLAgKcHZIPlNPLTvdXJhsdWRSbIHbZIWtoaRBQFogAqGlPIdCJTbAEbmeiEUjqmCdWrrzxiOjZojZQiBCygdaFtXTjAFVUJW', 7883, 146832, '2015-02-03 02:58:37');
INSERT INTO message VALUES (257724, 618126, 'DNJDMmMovnk', 305948, 965017, '1991-01-17 03:55:40');
INSERT INTO message VALUES (732552, 867062, 'mXTLGSpqjIIctytPujXOToEyYnqyoxPDKbVQbExvzsWHyXqruuwMEmnx', 203939, 474129, '1980-10-18 22:56:23');
INSERT INTO message VALUES (295958, 248990, 'SkmAgYzxUVAvFBiXIwgDPHPwBmykYyCVJFMIrHaVdFTfFcgTiXzvnRxNuxlYRIQCSbkmyhyznmPCBRbGiIPrVZkvhXYVUgncZJslZkktgdSTVQcJepwtVAnLPibhIsAGqCvBeGPOymBkdIyEYtyGXPevhyPZqZBIFNa', 737290, 146832, '1958-06-05 22:24:23');
INSERT INTO message VALUES (142360, 489866, 'lNnLBmrcoJSyYGzhvIrqJyUNEAMmstyhrxJrlDxphQGqzfsbQXGxJefcqPSSNZLbNGdnzruQiOpOUyXWlAVfBwfaztHlEdlDfQbXaQmoXciVhYHSCYbrRLcWRpanusQWogcEeoIQLEWpCmdAnZnSsKsVNhkNIaSDkhyUOQHtsaIjjNLDmVwQMvpr', 429124, 733054, '2015-02-12 22:25:48');
INSERT INTO message VALUES (56618, 557084, 'IUovZvrgibuVglWZBDZSLbQVAvwTzhgzaCowZAEJxASfePHYJMKfeZfuoXDZkfHAVShxbioChrgBjqqyoMsyqNLKZeYwNujWwmVvSKBfocLLqHawzBYyUXfmrinHPHUdZYlXRjth', 389782, 733054, '2018-02-09 11:32:26');
INSERT INTO message VALUES (766578, 432025, 'NoMfwVPIloXWcyrBCvGXnVtCZhSoLXQkqztCSBEUDldbEJHcALB', 526592, 146832, '2016-06-01 23:27:07');
INSERT INTO message VALUES (773184, 24245, 'SnQeDURTdhlxqJBKCyMdpjBulTMEhlMnkTCUcXOPuUOhedUNfsXwQOayDKUFJeJknSelpYwwtZeqOlxckABwXrJDNvgOufemZcQqkpHaFJqKWuPBPMvuYKyRZHBNgZueVlZXXzUbVZRiKBUhwqDgPvBgbfjWqERxeHwOomaXGkYyEmcHddXeDtXUqNMsDz', 855864, 928567, '2002-07-31 02:37:54');
INSERT INTO message VALUES (371678, 915389, 'eimenFhncJusiuRaJywDHxdWzbLQQmRttowtjbJgOzNCxMArghpOREtXVqHasMfARWpewYyMdqNlSmyxQGcKyMxIJzanBiajpQyTxmsLCGoWdEvZcNSEDBEyixmaGvEoiRnfGTtauvaqsIDoVtZxLgX', 169564, 965017, '1998-11-14 15:16:09');
INSERT INTO message VALUES (157509, 768610, 'TgwwvTcBcPYaSpIDSeUbl', 995118, 713263, '1995-03-07 18:43:36');
INSERT INTO message VALUES (737322, 564684, 'CuJjlVvGmCeyCf', 305948, 951115, '2012-08-03 03:01:01');
INSERT INTO message VALUES (11876, 972494, 'BVeTMxrbZCLqDwyBejYowxikvfLjUkZbvWmaaDyWgeZVswTMzLdSrFjUkdZhJOWwTwRXf', 24245, 902053, '1994-05-09 03:12:56');
INSERT INTO message VALUES (415226, 649431, 'acFBfpBlsJvADcyJhnlMAnhMqCJVmNwuYvm', 860233, 965017, '2013-03-18 09:43:22');
INSERT INTO message VALUES (802934, 399253, 'qMkWbGlPFBUxdgxdOnppsfJJbrZHqutTWklOtfOyjWUoTZGfnQLuvJxHQSlnPoZvqwRRkqmnXVvArftMFxgElbAqzspKZAU', 581300, 474129, '2003-04-29 14:05:48');
INSERT INTO message VALUES (291245, 679718, 'eAuJCACTBUGoafWablNaPyrxKqttegcrgjydzaLBNxUXyDZQkLuYkpSAVmKQFxnTBIpggvbywjJdfEudSPNMniMSBMBuPeKnmnzvDLnUGKWMCybyoMCHqMsmevFgLdDFWYlOHBmnDCMySDRrUmqAURRbvYPMuS', 901528, 902053, '1992-04-21 15:20:43');
INSERT INTO message VALUES (540811, 344417, 'UwRuudFeSnjKpwqZbVEorvyIEoCGeksHOcTJamZjVRkQwOZgCFzGIHyZouATVGszycSDnjRYbcYIdgKmJeQZTcfzjDMOjEOyEiNQhjXMdXFfxCtrtYzvgMJGRcUjuFZJsMJuTGVrbRFdUhnbLkFxzYEJFtuUVZnkXXXEXtYwTnfjifPRvstkxrKCrDySKHcdgUv', 201893, 965017, '1967-09-03 10:49:31');
INSERT INTO message VALUES (164357, 373260, 'SqALDgVMkEfzNOQotaACgXhKshpDgMfgISrcckvZeMlQioAIUnWPBHWSvCXBtuJtAQroUOBHwVNLLxgCPfRITWaDmomLpUnWGppoELogHqdQAbKPhoAfpXkNFKGvPFrhvmobSnHWAUjWo', 151840, 474129, '2019-11-24 19:05:54');
INSERT INTO message VALUES (786325, 336283, 'ExynOtLXCfcRemNLfWuWfgxHTpCkwAvRDdpxqRfQVCyiEKwgNToKwlKZcfLCKauTFPJHgLWcXMmzeUUMnMrUuQQnjTskcAlOvdIMAAZMEBzrkkIxmvPGaJSKakvioggnfLVsprIyPhhlJhVqwmoAoIEwMKnVQlKiDWVpoDbfee', 191126, 928567, '2010-09-10 00:58:47');
INSERT INTO message VALUES (174032, 254872, 'TThxUsVKkKzlQsWosdiYzroHAQivrewHCvuhtMWjakoDCCrNkrLlBRrDDIeGXowbouBNLhbbydHNygGMpRlvXyQMuVzGfQCbgjKdoQgqlyCkELnjgHcFnUMzGtGZHzkcmMXophBrCsMXmPaTMXmOvGSeccKupovHgKaLYWPCwnQIcEBemHztZOnhqyWwlAAJ', 389782, 928567, '2015-03-08 15:46:30');
INSERT INTO message VALUES (666254, 737290, 'BplWquaUlPWVGEzXOrMvdpmNzJxmGeMifDBaLURRXrkVlqOgdhCl', 526592, 474129, '1975-06-01 18:48:22');
INSERT INTO message VALUES (897120, 918931, 'itJLzvHFwknGYbbWrNUIimGlddVMthJBDsdDUZIHiVXtCAmmzLSRHtDGT', 618126, 146832, '1950-11-02 17:55:34');
INSERT INTO message VALUES (551580, 910507, 'HWRmcwKPvrkgkIZZACfuCsjzKRaMTANzGyBtyZDSKKJmYPDUZlbrxznswbEpcWVgcRREXlvQTqAPluqjpjqpYVfbDwJlRfHANbmUrsJhDRKNlcWlQEgQwGLEhqAYgaBbvHOKE', 27876, 474129, '2005-06-16 19:38:51');
INSERT INTO message VALUES (530233, 248990, 'zdMXNpHYiJzngjDsGKpKQHqyCOdEPefJCALiEnAKEWhEhlCxcvTjnxhQJNwnYqAZebdVLpRInaKgAzQVLoPFkHPjFgdPkIeGpQypHUVoBTIVYEBNOlaaGrwLWgzTkMqkgVLJPouVoRluXexPCclvAluBTPbZ', 603303, 713263, '1960-11-15 15:44:16');
INSERT INTO message VALUES (272684, 667580, 'ODNndNwPpCOcDpmVKMjLEhXoNoVfTdzjXVBSfoMQQQfvgJVhBjCkfFFzDukZYPCsDMjbsQnzkhEGaLwfsRAetbhhFbiGjVMJqp', 379075, 902053, '2000-05-21 07:42:09');
INSERT INTO message VALUES (323838, 782721, 'uktNKryPvIIKdclZesXnybtBPukfwRnusmLkeboNSEhNbdvHuvjOCrVXlyGMoTkJXzmvKuARdtvkFwlzCvVvHukZjxlRDgmRhBhcYsLirrtWWBJKuYgnpvrCcWzBWDbauyHMLfsgndqerwmCXPyJBIIfSJzZOdNFtvmleJTgmXMGcllErfSL', 836738, 859235, '1950-10-17 00:11:57');
INSERT INTO message VALUES (717508, 895673, 'hnAAfHGCCJZTBRQGQIsCgfcqaQxkwGkiHPNsIDQLZSNxzshpkTkSvVDAZhCtfaDLvdjIJNZtnLttsebnupZxjhECIHIBjSMMCEoBBbhEpQwppygQCDdFLicLO', 985284, 263213, '1999-11-24 13:36:13');
INSERT INTO message VALUES (460108, 432025, 'qgEdjxQKIDYcBjReAcWVYXNxTCsJzAcryFvuayBFyvEuvJVJDDQFLYWtlGxWEdRomgkuTozWfIqByObmVRecqMMnpLwiZMTZIGIIPzMJVJijwYSZaWiXuwITMBKGrePaMsvIfkUqgYIIrliypeM', 587102, 733054, '1985-06-04 01:25:56');
INSERT INTO message VALUES (226365, 625797, 'YLsNdcOrsoLpfcyUThwcQGbYCkITEBYVEeuTDzCuaBfbklHSklAAQBIlQfwuTVdpLjGzwWtqGOmDHScDxwtMIyyxGQzcAa', 526592, 474129, '1999-05-05 10:25:25');
INSERT INTO message VALUES (2200, 995118, 'nBnQIgFrBkIlchCzHOSfzqvtcdblbLjTtusdjgrXVsKGOuF', 29220, 951115, '1967-02-11 21:09:11');
INSERT INTO message VALUES (47130, 462061, 'LBngUvYcKVKLkNfnblwOFwfBuyKTnAWReSeOBJkltecvpWbozaxIonjjPvc', 432928, 859235, '1951-02-21 11:43:48');
INSERT INTO message VALUES (866995, 855864, 'iskGIqHWCcwWCgAHroHxqUxHPUWshDlclkFGrLXkxgjASRGyrxADkBsfqNgvQKgMiiKRzNcBTwLnfhoxWmTMGBhhGLLIgpfAsBuiBllXkAcVtVIoZeFTeUQX', 915389, 733054, '1974-09-06 19:41:14');
INSERT INTO message VALUES (154922, 552361, 'lxKJHRJpiFwFbxRWsPNpHtzmEJiUUxDikZcnNClBLQMYwKlmt', 518150, 965017, '1990-12-08 06:08:10');
INSERT INTO message VALUES (627845, 139411, 'rtZtXhYXpWgmLEKCDGVFlOQRPvYpHQ', 526592, 713263, '1984-08-04 05:27:40');
INSERT INTO message VALUES (36288, 345384, 'YTONUEkBidrxSLIUNPnKntWvjphzbfPMlqqqvhbxScDMHDxbZZosURDABYgJJJfNnCIGLjHSmpZrkttRMQdGBPEfjWOXxBiwSgtnEaVuZWaqOtttDJVdfjmAsKybLSQuDZTPkyqEcEfbHExuAfAottf', 850388, 733054, '1989-10-05 14:27:40');
INSERT INTO message VALUES (389265, 29220, 'DnzwbLYdsKAaiCgbJXCVmvXfQgtfNMEPVISkJnkfJhRPlfplEEABNSXDbpWPRqeSEzAvXCVEjQuVTMskYuyLmCWfupNkFmstmcUEndicaQPKxCzqHUgOcQpbBsKtVvlULoMZnuslgOFMjfQWcKnzIqhWBMEAoHuSxoSEcRzcVSzjFTQqiQJDKAmcllFWuK', 373260, 713263, '2021-07-05 07:53:27');
INSERT INTO message VALUES (685724, 191126, 'TLkdjRGoRwWPPSfyahtybARqoIrShGFaMWtBJqYwToVYWCioLrDHaUyxaVBoXQdGtKPUqRJtdmVmOailvwRFRqBWGwDuAapcukdwRVaFDxqarCQvwgpFvLxoHAUAaqYbeAxDBouGbRQKsDSnTInErOpsARgsDJsiBUAOeUYUiMcbeAJVzEgZIQnG', 151840, 951115, '1953-03-25 13:24:55');
INSERT INTO message VALUES (554529, 174406, 'rijIJsQrKXfvtiyXwsfREYRwYCFGunmgrFBJOnAuLDzYNnZRcFhuPAllwPlfVJnvQNeqEi', 679718, 733054, '2017-04-17 11:07:40');
INSERT INTO message VALUES (218976, 305948, 'sDswVfgPvTYrWyFD', 24245, 263213, '1975-01-14 05:33:11');
INSERT INTO message VALUES (634403, 89053, 'shzzRelNjNhLmjItMBcaPeSUqRZIpAzvCqjxnXawhz', 24245, 928567, '1980-02-21 00:46:26');
INSERT INTO message VALUES (831120, 429124, 'BsSAqxYJJCxhjCMvFgjECmTlRHGCogWKSZYIHZFxaFqfxrqflaIwitBdiGKbXntNRBEuzmUYduNkZeHdevGhUNztbBGcPcpFyWxiUzKJZiXgZvnrFlwtnCwSXIYize', 169564, 733054, '1999-05-03 10:08:20');